{
    "IMG-20250716-WA0000.jpg": {
        "id": "dlg4kuqc",
        "owner": "user_mp5sdc",
        "views": 3,
        "timestamp": "2025-07-16 08:12",
        "password": ""
    },
    "Screenshot_20250715-211714408.jpg": {
        "id": "om51hywc",
        "owner": "user_mp5sdc",
        "views": 0,
        "timestamp": "2025-07-16 08:21",
        "password": ""
    },
    "server1.php": {
        "id": "c1i8az3d",
        "owner": "user_fgs630",
        "views": 0,
        "timestamp": "2025-07-23 13:25",
        "password": ""
    },
    "alvaxploit.html": {
        "id": "il5d1ztw",
        "owner": "user_w82nqi",
        "views": 2,
        "timestamp": "2025-07-24 05:33",
        "password": ""
    },
    "Alfa.php": {
        "id": "kf63hamt",
        "owner": "user_0hysg7",
        "views": 0,
        "timestamp": "2025-07-26 23:28",
        "password": ""
    },
    "help.php": {
        "id": "rs1257pd",
        "owner": "user_0hysg7",
        "views": 0,
        "timestamp": "2025-07-26 23:29",
        "password": "123"
    },
    "index.html": {
        "id": "qp13owh7",
        "owner": "user_0hysg7",
        "views": 0,
        "timestamp": "2025-07-26 23:30",
        "password": ""
    },
    "thumb.png": {
        "id": "83sorxmy",
        "owner": "user_138ngp",
        "views": 0,
        "timestamp": "2025-07-27 01:14",
        "password": ""
    },
    "skyshell.php": {
        "id": "of0aqvi3",
        "owner": "user_4tmk6a",
        "views": 0,
        "timestamp": "2025-07-27 05:32",
        "password": ""
    }
}