[
    {
        "judul": "test",
        "konten": "welcome my blog CMS admin dashboard simple",
        "gambar": "uploads\/img_68621823c518c5.60470244.png",
        "penulis": "admin",
        "tanggal": "2025-06-30"
    },
    {
        "judul": "WEBSITE UPLOADER",
        "konten": "Soree bro gw mau share web uploader bro klik aja garis 3 klik uploader \r\n\r\ndisitu juga ada menu all tools online bro\r\n\r\nada tools\r\n\r\n- WORDPRESS TOOLS\r\n- GENERATOR \r\n- PENTESTING \r\ngw juga masih update banyak tools nanti bro tungguin aja ya bro",
        "gambar": "uploads\/img_6862520a802145.40605877.jpg",
        "penulis": "admin",
        "tanggal": "2025-06-30"
    },
    {
        "judul": "HACK CAM",
        "konten": "gw mau ngebagiin tools hack cam\r\n\r\nkunjungin aja web gw satu ini\r\n\r\nhttps:\/\/rizxdesign.ct.ws",
        "gambar": "uploads\/img_6866764c4d98a2.79199112.jpg",
        "penulis": "admin",
        "tanggal": "2025-07-03"
    },
    {
        "judul": "apa itu vps? bagaimana cara pasang vps",
        "konten": "<h3>Apa Itu VPS dan Kenapa GCP?<\/h3>\r\n<img src=\"https:\/\/upload.wikimedia.org\/wikipedia\/commons\/thumb\/3\/3f\/VPS_diagram.png\/800px-VPS_diagram.png\" class=\"img-fluid rounded mb-3\" alt=\"Apa Itu VPS\">\r\n<p>Virtual Private Server (VPS) adalah server virtual yang bisa kamu kelola sendiri, layaknya punya komputer di internet. Google Cloud Platform (GCP) menyediakan layanan VPS gratis selama 12 bulan untuk pengguna baru \u2013 cocok banget buat belajar server, hosting, atau deploy aplikasi pribadi.<\/p>\r\n\r\n<h3>Langkah-Langkah Membuat VPS Gratis di GCP<\/h3>\r\n<img src=\"https:\/\/cloud.google.com\/images\/social-icon-google-cloud-1200-630.png\" class=\"img-fluid rounded mb-3\" alt=\"Google Cloud Platform\">\r\n<ol>\r\n  <li><strong>Daftar Akun Google Cloud:<\/strong> Kunjungi <a href=\"https:\/\/cloud.google.com\">cloud.google.com<\/a> dan daftar pakai akun Google.<\/li>\r\n  <li><strong>Aktifkan Free Trial:<\/strong> Kamu akan dapat kredit gratis $300 selama 12 bulan.<\/li>\r\n  <li><strong>Buka Cloud Console:<\/strong> Masuk ke console.cloud.google.com lalu pilih menu <em>VM Instances<\/em>.<\/li>\r\n  <li><strong>Buat VM Instance:<\/strong>\r\n    <ul>\r\n      <li>Nama: bebas<\/li>\r\n      <li>Region: pilih yang gratis (us-west, us-central)<\/li>\r\n      <li>Machine type: pilih yang f1-micro (gratis)<\/li>\r\n      <li>Boot disk: pilih Debian atau Ubuntu<\/li>\r\n    <\/ul>\r\n  <\/li>\r\n  <li><strong>Aktifkan Firewall:<\/strong> Centang \"Allow HTTP & HTTPS traffic\"<\/li>\r\n  <li><strong>Click Create<\/strong> dan tunggu VM siap!<\/li>\r\n<\/ol>\r\n\r\n<h3>Deploy Website Sederhana<\/h3>\r\n<img src=\"https:\/\/miro.medium.com\/v2\/resize:fit:700\/format:webp\/1*DlDssxw25eHWhkUOCXV9iQ.png\" class=\"img-fluid rounded mb-3\" alt=\"Install Apache\">\r\n<p>Setelah VPS siap, kamu bisa SSH langsung dari browser dan mulai install web server:<\/p>\r\n<pre><code>sudo apt update\r\nsudo apt install apache2 -y\r\necho \"&lt;h1&gt;Hello from RizDev VPS!&lt;\/h1&gt;\" | sudo tee \/var\/www\/html\/index.html\r\n<\/code><\/pre>\r\n<p>Buka IP publik VPS kamu, dan tadaa! Website udah online \ud83c\udf89<\/p>\r\n\r\n<h3>Tips Tambahan<\/h3>\r\n<img src=\"https:\/\/user-images.githubusercontent.com\/65482106\/199343805-12259a0e-5575-4149-b2d3-c750c2b6975a.png\" class=\"img-fluid rounded mb-3\" alt=\"Tips Server Aman\">\r\n<ul>\r\n  <li>Kamu bisa upload file via SCP atau install PHP, MySQL, dll.<\/li>\r\n  <li>Pasang domain kamu via DNS \u2192 arahkan ke IP VPS<\/li>\r\n  <li>Gunakan firewall atau Cloudflare untuk perlindungan ekstra<\/li>\r\n<\/ul>\r\n\r\n<h3>Penutup<\/h3>\r\n<p>Dengan VPS GCP gratis, kamu udah punya akses ke server powerful yang bisa dipakai untuk belajar DevOps, deploy tools, atau bikin blog pribadi. Selamat mencoba!<\/p>",
        "gambar": "uploads\/img_68738d979b32a2.56594026.jpeg",
        "penulis": "admin",
        "tanggal": "2025-07-13"
    },
    {
        "judul": "Cara membuat html + boostrap5",
        "konten": "<article>\r\n  <h1>Cara Membuat Codingan HTML + Bootstrap Buat Pemula <\/h1>\r\n  <p><em>Oleh RizzDev \u2022 Juli 2025<\/em><\/p>\r\n\r\n  <img src=\"https:\/\/i.imgur.com\/g8X0bm4.png\" alt=\"HTML Bootstrap Starter\" style=\"max-width:100%; border-radius:10px; margin-bottom:20px;\" \/>\r\n\r\n  <p>Pernah kepikiran bikin tampilan web kece kayak yang lo liat di website-website modern? Nah, itu semua biasanya dibuat pakai <strong>HTML + CSS<\/strong>. Dan biar cepet keren tanpa ribet, kita pake bantuan <strong>Bootstrap<\/strong>.<\/p>\r\n\r\n  <p>Artikel ini cocok buat lo yang bener-bener baru banget, dan pengen belajar cara bikin codingan HTML dari awal + pake Bootstrap biar tampilannya ga kaku.<\/p>\r\n\r\n  <h2>1. Apa Itu HTML dan Bootstrap?<\/h2>\r\n  <p><strong>HTML (HyperText Markup Language)<\/strong> itu struktur dasar dari semua halaman web. Anggap aja dia kayak kerangka rumah.<\/p>\r\n\r\n  <p><strong>Bootstrap<\/strong> itu semacam alat bantu (framework) yang nyediain gaya bawaan buat elemen web. Jadi lo gak perlu ribet bikin desain dari nol.<\/p>\r\n\r\n  <img src=\"https:\/\/i.imgur.com\/z2VD0Fb.png\" alt=\"Struktur HTML\" style=\"max-width:100%; border-radius:10px; margin:20px 0;\" \/>\r\n\r\n  <h2>2. Mulai dari Struktur HTML Dasar<\/h2>\r\n  <p>Berikut ini struktur HTML paling basic:<\/p>\r\n\r\n  <pre><code class=\"language-html\">\r\n&lt;!DOCTYPE html&gt;\r\n&lt;html lang=\"id\"&gt;\r\n&lt;head&gt;\r\n  &lt;meta charset=\"UTF-8\"&gt;\r\n  &lt;meta name=\"viewport\" content=\"width=device-width, initial-scale=1.0\"&gt;\r\n  &lt;title>Belajar HTML&lt;\/title&gt;\r\n&lt;\/head&gt;\r\n&lt;body&gt;\r\n\r\n  &lt;h1&gt;Halo Dunia!&lt;\/h1&gt;\r\n  &lt;p&gt;Ini website pertamaku&lt;\/p&gt;\r\n\r\n&lt;\/body&gt;\r\n&lt;\/html&gt;\r\n  <\/code><\/pre>\r\n\r\n  <p>Codingan di atas cuma nampilkan teks sederhana. Biar tampilannya lebih cakep, kita gabungin sama Bootstrap.<\/p>\r\n\r\n  <h2>3. Cara Pasang Bootstrap ke HTML<\/h2>\r\n  <p>Lo bisa langsung pake Bootstrap lewat CDN (tanpa download):<\/p>\r\n\r\n  <pre><code class=\"language-html\">\r\n&lt;link href=\"https:\/\/cdn.jsdelivr.net\/npm\/bootstrap@5.3.2\/dist\/css\/bootstrap.min.css\" rel=\"stylesheet\"&gt;\r\n  <\/code><\/pre>\r\n\r\n  <p>Letakkan kode itu di dalam tag <code>&lt;head&gt;<\/code>. Sekarang lo bisa pake class-class Bootstrap kayak <code>container<\/code>, <code>btn<\/code>, <code>row<\/code>, dll.<\/p>\r\n\r\n  <img src=\"https:\/\/i.imgur.com\/o2tYpb6.png\" alt=\"CDN Bootstrap\" style=\"max-width:100%; border-radius:10px; margin:20px 0;\" \/>\r\n\r\n  <h2>4. Contoh Halaman HTML dengan Bootstrap<\/h2>\r\n  <p>Yuk langsung contohin bikin website sederhana yang udah pake Bootstrap:<\/p>\r\n\r\n  <pre><code class=\"language-html\">\r\n&lt;!DOCTYPE html&gt;\r\n&lt;html lang=\"id\"&gt;\r\n&lt;head&gt;\r\n  &lt;meta charset=\"UTF-8\"&gt;\r\n  &lt;meta name=\"viewport\" content=\"width=device-width, initial-scale=1.0\"&gt;\r\n  &lt;title&gt;Website Bootstrap Pertama&lt;\/title&gt;\r\n  &lt;link href=\"https:\/\/cdn.jsdelivr.net\/npm\/bootstrap@5.3.2\/dist\/css\/bootstrap.min.css\" rel=\"stylesheet\"&gt;\r\n&lt;\/head&gt;\r\n&lt;body&gt;\r\n\r\n  &lt;div class=\"container text-center mt-5\"&gt;\r\n    &lt;h1 class=\"text-primary\"&gt;Selamat Datang di Web Gue&lt;\/h1&gt;\r\n    &lt;p&gt;Dibuat pakai HTML + Bootstrap&lt;\/p&gt;\r\n    &lt;a href=\"#\" class=\"btn btn-success\"&gt;Klik Disini&lt;\/a&gt;\r\n  &lt;\/div&gt;\r\n\r\n&lt;\/body&gt;\r\n&lt;\/html&gt;\r\n  <\/code><\/pre>\r\n\r\n  <p>Kalau dijalanin di browser, tampilannya langsung rapi, tombolnya hijau, teksnya rapi di tengah.<\/p>\r\n\r\n  <img src=\"https:\/\/i.imgur.com\/M1pAGLJ.png\" alt=\"Tampilan Bootstrap Sederhana\" style=\"max-width:100%; border-radius:10px; margin:20px 0;\" \/>\r\n\r\n  <h2>5. Nambahin Gambar, Tombol, dan Kolom<\/h2>\r\n  <p>Bootstrap punya grid system yang keren buat bikin layout responsive. Contoh 2 kolom:<\/p>\r\n\r\n  <pre><code class=\"language-html\">\r\n&lt;div class=\"container mt-4\"&gt;\r\n  &lt;div class=\"row\"&gt;\r\n    &lt;div class=\"col-md-6\"&gt;\r\n      &lt;img src=\"https:\/\/i.imgur.com\/dKc3FEM.png\" class=\"img-fluid rounded\" alt=\"Contoh Gambar\"&gt;\r\n    &lt;\/div&gt;\r\n    &lt;div class=\"col-md-6 d-flex align-items-center\"&gt;\r\n      &lt;p&gt;Ini adalah kolom kedua berisi teks pendukung gambar.&lt;\/p&gt;\r\n    &lt;\/div&gt;\r\n  &lt;\/div&gt;\r\n&lt;\/div&gt;\r\n  <\/code><\/pre>\r\n\r\n  <img src=\"https:\/\/i.imgur.com\/R0zO7r7.png\" alt=\"Bootstrap Grid Layout\" style=\"max-width:100%; border-radius:10px; margin:20px 0;\" \/>\r\n\r\n  <h2>6. Tips Styling Simpel<\/h2>\r\n  <ul>\r\n    <li>\ud83d\udfe6 Gunakan class Bootstrap bawaan seperti <code>.bg-dark<\/code>, <code>.text-white<\/code>, <code>.btn-primary<\/code><\/li>\r\n    <li>\ud83d\udcf1 Pastikan layout lo responsif (coba resize browser)<\/li>\r\n    <li>\ud83d\udd04 Gunakan <code>.container<\/code> atau <code>.container-fluid<\/code> buat struktur<\/li>\r\n  <\/ul>\r\n\r\n  <h2>7. Bonus: Navbar Sederhana<\/h2>\r\n  <p>Ini contoh bikin navbar pakai Bootstrap 5:<\/p>\r\n\r\n  <pre><code class=\"language-html\">\r\n&lt;nav class=\"navbar navbar-expand-lg navbar-dark bg-dark\"&gt;\r\n  &lt;div class=\"container\"&gt;\r\n    &lt;a class=\"navbar-brand\" href=\"#\"&gt;RizzDev&lt;\/a&gt;\r\n    &lt;div&gt;\r\n      &lt;ul class=\"navbar-nav me-auto mb-2 mb-lg-0\"&gt;\r\n        &lt;li class=\"nav-item\"&gt;&lt;a class=\"nav-link\" href=\"#\"&gt;Home&lt;\/a&gt;&lt;\/li&gt;\r\n        &lt;li class=\"nav-item\"&gt;&lt;a class=\"nav-link\" href=\"#\"&gt;Tentang&lt;\/a&gt;&lt;\/li&gt;\r\n      &lt;\/ul&gt;\r\n    &lt;\/div&gt;\r\n  &lt;\/div&gt;\r\n&lt;\/nav&gt;\r\n  <\/code><\/pre>\r\n\r\n  <img src=\"https:\/\/i.imgur.com\/jLxz3Vh.png\" alt=\"Contoh Navbar Bootstrap\" style=\"max-width:100%; border-radius:10px; margin:20px 0;\" \/>\r\n\r\n  <h2>Penutup<\/h2>\r\n  <p>HTML itu pondasi, dan Bootstrap bantu lo bikin tampilan jadi menarik tanpa banyak styling manual. Cocok banget buat pemula yang pengen bikin website keren dalam waktu cepat.<\/p>\r\n\r\n  <p>Setelah ini, lo bisa lanjut belajar:<\/p>\r\n  <ul>\r\n    <li>\ud83d\udd01 Animasi pakai CSS<\/li>\r\n    <li>\ud83e\udde0 JavaScript buat interaksi<\/li>\r\n    <li>\ud83d\uddc3\ufe0f Backend (PHP, Node.js, dll)<\/li>\r\n  <\/ul>\r\n\r\n  <p>Semoga artikel ini bantu lo mulai langkah pertama jadi web developer. Jangan lupa share ke temen yang juga pengen belajar!<\/p>\r\n\r\n  <p><strong>\u2013 RizzDev<\/strong><\/p>\r\n\r\n<\/article>",
        "gambar": "uploads\/img_6874d28aeaf463.11077891.png",
        "penulis": "admin",
        "tanggal": "2025-07-14"
    },
    {
        "judul": "cara membuat uploader dengan tampilan boostrap5",
        "konten": "<h2 style=\"color:#0d6efd;\">\ud83d\udce4 Cara Membuat File Uploader dengan Bootstrap 5 dan PHP<\/h2>\r\n\r\n\r\n<p>Pada tutorial ini, kita akan belajar cara membuat uploader file dengan tampilan modern menggunakan <b>Bootstrap 5<\/b> dan <b>PHP<\/b>. Sangat cocok buat kamu yang ingin membuat form upload gambar, dokumen, atau file lain ke server website.<\/p>\r\n\r\n<h3 style=\"color:#20c997;\">\ud83e\uddfe Langkah-langkah:<\/h3>\r\n<ol>\r\n  <li>Buat form upload HTML dengan Bootstrap.<\/li>\r\n  <li>Tambahkan input type <code>file<\/code> dan tombol submit.<\/li>\r\n  <li>Gunakan attribute <code>enctype=\"multipart\/form-data\"<\/code>.<\/li>\r\n  <li>Buat file <code>upload.php<\/code> untuk memproses file di sisi server.<\/li>\r\n<\/ol>\r\n\r\n<h3 style=\"color:#6610f2;\">\ud83d\udcbb Contoh Form Upload (HTML):<\/h3>\r\n\r\n<pre style=\"background:#f8f9fa;padding:10px;border-left:4px solid #0d6efd;\"><code>&lt;form action=\"upload.php\" method=\"POST\" enctype=\"multipart\/form-data\"&gt;\r\n  &lt;input type=\"file\" name=\"file\" class=\"form-control\" required&gt;\r\n  &lt;br&gt;\r\n  &lt;button type=\"submit\" class=\"btn btn-primary\"&gt;Upload&lt;\/button&gt;\r\n&lt;\/form&gt;\r\n<\/code><\/pre>\r\n\r\n<h3 style=\"color:#dc3545;\">\u2699\ufe0f Script upload.php:<\/h3>\r\n\r\n<pre style=\"background:#f8f9fa;padding:10px;border-left:4px solid #dc3545;\"><code>&lt;?php\r\nif (isset($_FILES['file'])) {\r\n  $dir = \"uploads\/\";\r\n  if (!is_dir($dir)) mkdir($dir);\r\n\r\n  $name = basename($_FILES['file']['name']);\r\n  $ext = strtolower(pathinfo($name, PATHINFO_EXTENSION));\r\n  $newname = uniqid() . '.' . $ext;\r\n  $target = $dir . $newname;\r\n\r\n  $allowed = ['jpg','png','pdf','txt'];\r\n\r\n  if (in_array($ext, $allowed)) {\r\n    if (move_uploaded_file($_FILES['file']['tmp_name'], $target)) {\r\n      echo \"\u2705 File berhasil diupload: &lt;a href='$target' target='_blank'&gt;Lihat File&lt;\/a&gt;\";\r\n    } else {\r\n      echo \"\u274c Gagal upload.\";\r\n    }\r\n  } else {\r\n    echo \"\u274c File tidak diizinkan.\";\r\n  }\r\n}\r\n?&gt;\r\n<\/code><\/pre>\r\n\r\n<h3 style=\"color:#198754;\">\ud83d\udee1\ufe0f Tips Keamanan:<\/h3>\r\n<ul>\r\n  <li>Batasi ekstensi yang diperbolehkan.<\/li>\r\n  <li>Gunakan <code>uniqid()<\/code> untuk nama file agar tidak bentrok.<\/li>\r\n  <li>Jangan simpan file di folder public tanpa validasi.<\/li>\r\n<\/ul>\r\n\r\n\r\n<b>RizxDev<\/b>",
        "gambar": "uploads\/img_68886ac0317239.64144727.png",
        "penulis": "admin",
        "tanggal": "2025-07-29"
    }
]